,Poderia nos contar aonde ou quem você presenciou realizando discurso violento (de ódio)?%,Poderia nos contar aonde ou quem você presenciou realizando discurso violento (de ódio)?
Bolsonaristas,6.0,3.0
Jair Bolsonaro,4.0,2.0
Internet,4.0,2.0
Facebook e twitter ,2.0,1.0
Ameaças de morte para com pessoas Negras LGBT,2.0,1.0
"Geralmente com os candidatos e pessoas apoiadoras de Jair Bolsonaro, e também o próprio, nas redes sociais. ",2.0,1.0
Tweeter ,2.0,1.0
"No trabalho, transporte público, nas ruas, internet ",2.0,1.0
"Pessoas bolsonaristas antidemocráticas, irresponsáveis, criminosas, antivacina e negacionistas na rua do Centro do RJ.",2.0,1.0
"Eu trabalho com política, é bastante comum ver parlamentares de direita destilando ódio na tribuna",2.0,1.0
Almoço de família por parentes ,2.0,1.0
Instagram pelo Bolsonaro ,2.0,1.0
🤡,2.0,1.0
Bolsonaro e vários politicos do PL / por videos e noticias de internet,2.0,1.0
"Civis no Facebook, Twitter, Instagram…",2.0,1.0
bolsonaro e seus aliados,2.0,1.0
Colegas de trabalho defensores do nazi e um motorista de uber que se calou quando eu comecei a argumentar com a realidade. ,2.0,1.0
"Bolsonaro e bolsonaristas, por vídeos na internet ",2.0,1.0
Jair messias Bolsonaro ,2.0,1.0
Bolsonaro e todo seu gado,2.0,1.0
Minha irmã bolsonarista ,2.0,1.0
Bolsonaro ,2.0,1.0
"Na minha casa, pelo meu padastro",2.0,1.0
"Na interne, do Jair messias bolsonaro",2.0,1.0
meu tio,2.0,1.0
 Carlos Jordy no centro de Niterói ,2.0,1.0
Bolsonaro,2.0,1.0
"No meu trabalho,inclusive sofri muita ofensa das partes de clientes mesmo ",2.0,1.0
Bolsonaro em inúmeras lives e em entrevistas,2.0,1.0
No Twitter principalmente.,2.0,1.0
bolsonaro,2.0,1.0
"No twitter, já vi diversas vezes usuários aleatórios chamando a Erika Hilton de traveco, ameaçando-a de morte etc",2.0,1.0
"Um Deputado (fugiu o nome, mas do Pl), quamdo fez uma lista com os 1000 nomes de anti facista, expondo endereços, fotos e redes. Inclusive estava nesse meio.",2.0,1.0
Rodrigo Amorim e o agrupamento multietnico indígena na Aldeia Marakana ,2.0,1.0
Todos os post dos Bozos,2.0,1.0
local de trabalho e grupo de whatsapp ,2.0,1.0
nas redes sociais,2.0,1.0
Em uma viagem de trabalho ,2.0,1.0
"O atual presidente,Jair Bolsonaro",2.0,1.0
"Sempre quando comentam sobre raça, gênero e direitos humanos. ",2.0,1.0
"Na internet, em casa",2.0,1.0
Flávio bolsonaro,2.0,1.0
"No metrô durante as ""passeatas"" bolsonaristas.",2.0,1.0
Na mídia televisiva ,2.0,1.0
Nosso atual presidente ,2.0,1.0
Jair Bolsonaro em diversos momentos na tv,2.0,1.0
"Bolsonaristas no geral, né hahaha. Uma parte da minha família compartilha, aí eu acabo vendo.",2.0,1.0
Total,100.0,51.0
