,O seu/sua agressor/agressora era um/uma (pode marcar mais de uma)%,O seu/sua agressor/agressora era um/uma (pode marcar mais de uma)
Prefiro não responder,6.0,8.0
Funcionário/a de empresa/loja,4.0,6.0
"Homem na rua
Mulher na rua",4.0,5.0
"Agente público de segurança (policial militar, civil, guarda municipal, polícia federal, etc)",4.0,5.0
"Homem da minha comunidade
Homem na rua",2.0,3.0
"Funcionário/a de empresa/loja
Sofri uma agressão virtual por desconhecido/ perfil fake",2.0,3.0
"Homem na rua
Funcionário/a de empresa/loja",2.0,3.0
"Agente público de segurança (policial militar, civil, guarda municipal, polícia federal, etc)
Homem na rua",2.0,3.0
"Agente público de segurança (policial militar, civil, guarda municipal, polícia federal, etc)
Funcionário/a de empresa/loja",2.0,3.0
Mulher na rua,2.0,3.0
"Agente público da educação (professor/a, diretor/a, coordenador pedagógico, etc)
Um familiar
Homem na rua
Mulher na rua
Funcionário/a de empresa/loja
Sofri uma agressão virtual por desconhecido/ perfil fake",1.0,2.0
"Agente público de segurança (policial militar, civil, guarda municipal, polícia federal, etc)
Agente público de saúde (médico/a, enfermeiro/a, técnico/a em enfermagem, maqueiro, etc)
Um familiar
Homem na rua
Funcionário/a de empresa/loja
Sofri uma agressão virtual por desconhecido/ perfil fake",1.0,2.0
"Um familiar
Homem na rua",1.0,2.0
"Homem na rua
Mulher na rua
Funcionário/a de empresa/loja",1.0,2.0
"Homem da minha comunidade
Um familiar
Homem na rua
Sofri uma agressão virtual por desconhecido/ perfil fake",1.0,2.0
"Agente público de segurança (policial militar, civil, guarda municipal, polícia federal, etc)
Homem na rua
Mulher na rua
Funcionário/a de empresa/loja
Sofri uma agressão virtual por desconhecido/ perfil fake",1.0,2.0
"Agente público de segurança (policial militar, civil, guarda municipal, polícia federal, etc)
Sofri uma agressão virtual por desconhecido/ perfil fake",1.0,2.0
"Agente público de segurança (policial militar, civil, guarda municipal, polícia federal, etc)
Um familiar
Homem na rua
Mulher na rua
Funcionário/a de empresa/loja
Sofri uma agressão virtual por desconhecido/ perfil fake",1.0,2.0
"Agente público de segurança (policial militar, civil, guarda municipal, polícia federal, etc)
Homem na rua
Funcionário/a de empresa/loja",1.0,2.0
"Agente público de segurança (policial militar, civil, guarda municipal, polícia federal, etc)
Agente público de saúde (médico/a, enfermeiro/a, técnico/a em enfermagem, maqueiro, etc)
Agente público da educação (professor/a, diretor/a, coordenador pedagógico, etc)
Homem da minha comunidade
Mulher da minha comunidade
Um familiar
Homem na rua
Mulher na rua
Funcionário/a de empresa/loja
Sofri uma agressão virtual por desconhecido/ perfil fake",1.0,2.0
"Agente público de segurança (policial militar, civil, guarda municipal, polícia federal, etc)
Homem da minha comunidade
Mulher da minha comunidade
Um familiar
Homem na rua
Funcionário/a de empresa/loja
Sofri uma agressão virtual por desconhecido/ perfil fake",1.0,2.0
"Agente público de segurança (policial militar, civil, guarda municipal, polícia federal, etc)
Agente público de saúde (médico/a, enfermeiro/a, técnico/a em enfermagem, maqueiro, etc)
Agente público da educação (professor/a, diretor/a, coordenador pedagógico, etc)
Um familiar
Homem na rua
Mulher na rua
Funcionário/a de empresa/loja
Sofri uma agressão virtual por desconhecido/ perfil fake",1.0,2.0
"Agente público de saúde (médico/a, enfermeiro/a, técnico/a em enfermagem, maqueiro, etc)
Agente público da educação (professor/a, diretor/a, coordenador pedagógico, etc)
Homem da minha comunidade
Mulher da minha comunidade
Um familiar
Homem na rua
Mulher na rua
Funcionário/a de empresa/loja
Sofri uma agressão virtual por desconhecido/ perfil fake",1.0,1.0
"Agente público de segurança (policial militar, civil, guarda municipal, polícia federal, etc)
Homem da minha comunidade
Mulher da minha comunidade
Homem na rua",1.0,1.0
"Agente público de segurança (policial militar, civil, guarda municipal, polícia federal, etc)
Agente público de saúde (médico/a, enfermeiro/a, técnico/a em enfermagem, maqueiro, etc)
Agente público da educação (professor/a, diretor/a, coordenador pedagógico, etc)
Homem na rua
Funcionário/a de empresa/loja
Sofri uma agressão virtual por desconhecido/ perfil fake",1.0,1.0
Homem na rua,1.0,1.0
"Agente público de segurança (policial militar, civil, guarda municipal, polícia federal, etc)
Agente público de saúde (médico/a, enfermeiro/a, técnico/a em enfermagem, maqueiro, etc)
Funcionário/a de empresa/loja",1.0,1.0
"Mulher na rua
Funcionário/a de empresa/loja",1.0,1.0
"Agente público de segurança (policial militar, civil, guarda municipal, polícia federal, etc)
Homem da minha comunidade
Um familiar",1.0,1.0
"Homem da minha comunidade
Mulher da minha comunidade
Um familiar
Homem na rua
Mulher na rua
Funcionário/a de empresa/loja",1.0,1.0
"Um familiar
Candidato ou político eleito
Homem na rua
Mulher na rua",1.0,1.0
"Agente público de segurança (policial militar, civil, guarda municipal, polícia federal, etc)
Agente público de saúde (médico/a, enfermeiro/a, técnico/a em enfermagem, maqueiro, etc)
Agente público da educação (professor/a, diretor/a, coordenador pedagógico, etc)",1.0,1.0
"Homem da minha comunidade
Mulher da minha comunidade
Homem na rua
Mulher na rua",1.0,1.0
"Agente público de segurança (policial militar, civil, guarda municipal, polícia federal, etc)
Agente público de saúde (médico/a, enfermeiro/a, técnico/a em enfermagem, maqueiro, etc)
Mulher da minha comunidade
Funcionário/a de empresa/loja",1.0,1.0
"Agente público de saúde (médico/a, enfermeiro/a, técnico/a em enfermagem, maqueiro, etc)
Agente público da educação (professor/a, diretor/a, coordenador pedagógico, etc)
Funcionário/a de empresa/loja
Sofri uma agressão virtual por desconhecido/ perfil fake",1.0,1.0
"Agente público de saúde (médico/a, enfermeiro/a, técnico/a em enfermagem, maqueiro, etc)
Um familiar
Candidato ou político eleito
Sofri uma agressão virtual por desconhecido/ perfil fake",1.0,1.0
"Um familiar
Homem na rua
Funcionário/a de empresa/loja
Sofri uma agressão virtual por desconhecido/ perfil fake",1.0,1.0
"Agente público de segurança (policial militar, civil, guarda municipal, polícia federal, etc)
Agente público de saúde (médico/a, enfermeiro/a, técnico/a em enfermagem, maqueiro, etc)
Homem da minha comunidade
Homem na rua
Mulher na rua",1.0,1.0
Cliente onde trabalhava ,1.0,1.0
"Agente público de saúde (médico/a, enfermeiro/a, técnico/a em enfermagem, maqueiro, etc)
Agente público da educação (professor/a, diretor/a, coordenador pedagógico, etc)
Homem da minha comunidade
Homem na rua
Mulher na rua
Funcionário/a de empresa/loja",1.0,1.0
"Agente público de saúde (médico/a, enfermeiro/a, técnico/a em enfermagem, maqueiro, etc)
Agente público da educação (professor/a, diretor/a, coordenador pedagógico, etc)
Homem da minha comunidade
Mulher da minha comunidade
Um familiar
Homem na rua
Mulher na rua
Funcionário/a de empresa/loja",1.0,1.0
"Agente público de saúde (médico/a, enfermeiro/a, técnico/a em enfermagem, maqueiro, etc)
Agente público da educação (professor/a, diretor/a, coordenador pedagógico, etc)
Mulher da minha comunidade
Um familiar
Mulher na rua",1.0,1.0
"Agente público de saúde (médico/a, enfermeiro/a, técnico/a em enfermagem, maqueiro, etc)
Homem da minha comunidade
Mulher da minha comunidade
Um familiar
Homem na rua
Mulher na rua
Funcionário/a de empresa/loja
Sofri uma agressão virtual por desconhecido/ perfil fake
Colegas de trabalho, supervisor/a",1.0,1.0
Sofri uma agressão virtual por desconhecido/ perfil fake,1.0,1.0
"Agente público de segurança (policial militar, civil, guarda municipal, polícia federal, etc)
Agente público de saúde (médico/a, enfermeiro/a, técnico/a em enfermagem, maqueiro, etc)
Homem da minha comunidade
Mulher da minha comunidade
Um familiar
Homem na rua
Mulher na rua
Funcionário/a de empresa/loja",1.0,1.0
"Mulher da minha comunidade
Um familiar
Sofri uma agressão virtual por desconhecido/ perfil fake",1.0,1.0
"Homem na rua
Mulher na rua
Neta do dono de uma fazenda de café ",1.0,1.0
Homem da minha comunidade,1.0,1.0
"Mulher da minha comunidade
Homem na rua
Mulher na rua
Funcionário/a de empresa/loja",1.0,1.0
"Agente público de segurança (policial militar, civil, guarda municipal, polícia federal, etc)
Agente público de saúde (médico/a, enfermeiro/a, técnico/a em enfermagem, maqueiro, etc)
Candidato ou político eleito
Homem na rua
Mulher na rua
Sofri uma agressão virtual por desconhecido/ perfil fake",1.0,1.0
"Agente público da educação (professor/a, diretor/a, coordenador pedagógico, etc)
Homem na rua
Funcionário/a de empresa/loja",1.0,1.0
"Um familiar
Funcionário/a de empresa/loja",1.0,1.0
"Homem da minha comunidade
Homem na rua
Mulher na rua
Funcionário/a de empresa/loja
Sofri uma agressão virtual por desconhecido/ perfil fake",1.0,1.0
"Agente público de segurança (policial militar, civil, guarda municipal, polícia federal, etc)
Um familiar
Homem na rua
Mulher na rua
Sofri uma agressão virtual por desconhecido/ perfil fake",1.0,1.0
"Agente público de segurança (policial militar, civil, guarda municipal, polícia federal, etc)
Agente público da educação (professor/a, diretor/a, coordenador pedagógico, etc)
Homem da minha comunidade
Mulher da minha comunidade
Um familiar
Homem na rua
Mulher na rua
Funcionário/a de empresa/loja
Sofri uma agressão virtual por desconhecido/ perfil fake
Prefiro não responder",1.0,1.0
"Agente público da educação (professor/a, diretor/a, coordenador pedagógico, etc)
Colegas de escola",1.0,1.0
"Agente público de segurança (policial militar, civil, guarda municipal, polícia federal, etc)
Agente público da educação (professor/a, diretor/a, coordenador pedagógico, etc)
Homem da minha comunidade
Mulher da minha comunidade
Homem na rua",1.0,1.0
"Agente público da educação (professor/a, diretor/a, coordenador pedagógico, etc)
Homem na rua
Mulher na rua
Funcionário/a de empresa/loja
Sofri uma agressão virtual por desconhecido/ perfil fake",1.0,1.0
"Agente público de segurança (policial militar, civil, guarda municipal, polícia federal, etc)
Agente público de saúde (médico/a, enfermeiro/a, técnico/a em enfermagem, maqueiro, etc)
Agente público da educação (professor/a, diretor/a, coordenador pedagógico, etc)
Homem da minha comunidade
Mulher da minha comunidade
Um familiar
Candidato ou político eleito
Homem na rua
Mulher na rua
Funcionário/a de empresa/loja
Sofri uma agressão virtual por desconhecido/ perfil fake",1.0,1.0
"Homem da minha comunidade
Um familiar
Homem na rua",1.0,1.0
"Homem na rua
Mulher na rua
Funcionário/a de empresa/loja
agentes de segurança, saúde e educacao da rede privada",1.0,1.0
"Homem da minha comunidade
Um familiar",1.0,1.0
"Agente público de segurança (policial militar, civil, guarda municipal, polícia federal, etc)
Agente público da educação (professor/a, diretor/a, coordenador pedagógico, etc)
Homem da minha comunidade
Um familiar
Candidato ou político eleito
Homem na rua
Funcionário/a de empresa/loja
Sofri uma agressão virtual por desconhecido/ perfil fake",1.0,1.0
"Agente público de segurança (policial militar, civil, guarda municipal, polícia federal, etc)
Agente público de saúde (médico/a, enfermeiro/a, técnico/a em enfermagem, maqueiro, etc)
Candidato ou político eleito
Funcionário/a de empresa/loja",1.0,1.0
"Agente público de segurança (policial militar, civil, guarda municipal, polícia federal, etc)
Agente público de saúde (médico/a, enfermeiro/a, técnico/a em enfermagem, maqueiro, etc)
Homem da minha comunidade
Mulher da minha comunidade
Um familiar
Mulher na rua",1.0,1.0
"Homem da minha comunidade
Homem na rua
Sofri uma agressão virtual por desconhecido/ perfil fake",1.0,1.0
"Agente público de segurança (policial militar, civil, guarda municipal, polícia federal, etc)
Agente público de saúde (médico/a, enfermeiro/a, técnico/a em enfermagem, maqueiro, etc)
Agente público da educação (professor/a, diretor/a, coordenador pedagógico, etc)
Homem da minha comunidade
Mulher da minha comunidade
Um familiar
Homem na rua
Mulher na rua
Funcionário/a de empresa/loja
Pessoa com cargo público de confiança",1.0,1.0
"Agente público de segurança (policial militar, civil, guarda municipal, polícia federal, etc)
Homem da minha comunidade
Mulher da minha comunidade
Homem na rua
Sofri uma agressão virtual por desconhecido/ perfil fake",1.0,1.0
"Agente público de saúde (médico/a, enfermeiro/a, técnico/a em enfermagem, maqueiro, etc)
Agente público da educação (professor/a, diretor/a, coordenador pedagógico, etc)
Homem na rua
Funcionário/a de empresa/loja
Sofri uma agressão virtual por desconhecido/ perfil fake",1.0,1.0
"Agente público de segurança (policial militar, civil, guarda municipal, polícia federal, etc)
Um familiar
Homem na rua
Mulher na rua",1.0,1.0
"Agente público de segurança (policial militar, civil, guarda municipal, polícia federal, etc)
Agente público de saúde (médico/a, enfermeiro/a, técnico/a em enfermagem, maqueiro, etc)
Agente público da educação (professor/a, diretor/a, coordenador pedagógico, etc)
Homem da minha comunidade
Homem na rua
Mulher na rua
Funcionário/a de empresa/loja",1.0,1.0
"Mulher na rua
Funcionário/a de empresa/loja
Sofri uma agressão virtual por desconhecido/ perfil fake",1.0,1.0
"Agente público da educação (professor/a, diretor/a, coordenador pedagógico, etc)
Mulher da minha comunidade",1.0,1.0
Uma pessoa que se dizia AMIGA,1.0,1.0
"Agente público de segurança (policial militar, civil, guarda municipal, polícia federal, etc)
Homem da minha comunidade
Homem na rua
Mulher na rua
Funcionário/a de empresa/loja",1.0,1.0
"Candidato ou político eleito
Funcionário/a de empresa/loja",1.0,1.0
"Agente público de segurança (policial militar, civil, guarda municipal, polícia federal, etc)
Agente público de saúde (médico/a, enfermeiro/a, técnico/a em enfermagem, maqueiro, etc)
Agente público da educação (professor/a, diretor/a, coordenador pedagógico, etc)
Homem da minha comunidade
Mulher da minha comunidade
Homem na rua
Mulher na rua
Funcionário/a de empresa/loja
Sofri uma agressão virtual por desconhecido/ perfil fake",1.0,1.0
"Agente público da educação (professor/a, diretor/a, coordenador pedagógico, etc)
Funcionário/a de empresa/loja
Sofri uma agressão virtual por desconhecido/ perfil fake",1.0,1.0
"Agente público de segurança (policial militar, civil, guarda municipal, polícia federal, etc)
Agente público da educação (professor/a, diretor/a, coordenador pedagógico, etc)
Funcionário/a de empresa/loja",1.0,1.0
"Agente público de segurança (policial militar, civil, guarda municipal, polícia federal, etc)
Homem da minha comunidade
Mulher da minha comunidade
Homem na rua
Funcionário/a de empresa/loja
Sofri uma agressão virtual por desconhecido/ perfil fake",1.0,1.0
"Agente público de segurança (policial militar, civil, guarda municipal, polícia federal, etc)
Agente público da educação (professor/a, diretor/a, coordenador pedagógico, etc)
Homem da minha comunidade
Homem na rua
Funcionário/a de empresa/loja",1.0,1.0
"Funcionário/a de empresa/loja
Sofri uma agressão virtual por desconhecido/ perfil fake
Desconhecidos",1.0,1.0
"Homem da minha comunidade
Mulher da minha comunidade
Funcionário/a de empresa/loja",1.0,1.0
"Agente público da educação (professor/a, diretor/a, coordenador pedagógico, etc)
Mulher na rua",1.0,1.0
"Agente público da educação (professor/a, diretor/a, coordenador pedagógico, etc)
Mulher da minha comunidade
Um familiar
Homem na rua
Mulher na rua
Funcionário/a de empresa/loja",1.0,1.0
"Homem da minha comunidade
Mulher da minha comunidade
Homem na rua
Mulher na rua
Funcionário/a de empresa/loja",1.0,1.0
"Agente público de segurança (policial militar, civil, guarda municipal, polícia federal, etc)
Agente público da educação (professor/a, diretor/a, coordenador pedagógico, etc)
Homem na rua
Mulher na rua",1.0,1.0
"Agente público da educação (professor/a, diretor/a, coordenador pedagógico, etc)
Homem da minha comunidade
Um familiar
Homem na rua
Funcionário/a de empresa/loja",1.0,1.0
"Agente público de segurança (policial militar, civil, guarda municipal, polícia federal, etc)
Agente público da educação (professor/a, diretor/a, coordenador pedagógico, etc)
Sofri uma agressão virtual por desconhecido/ perfil fake",1.0,1.0
"Um familiar
Homem na rua
Mulher na rua",1.0,1.0
Um familiar,1.0,1.0
"Agente público de segurança (policial militar, civil, guarda municipal, polícia federal, etc)
Homem na rua
Mulher na rua
Funcionário/a de empresa/loja",1.0,1.0
Ainda não sofri nenhum tipo de descriminaçã. ,1.0,1.0
"Agente público de segurança (policial militar, civil, guarda municipal, polícia federal, etc)
Agente público da educação (professor/a, diretor/a, coordenador pedagógico, etc)
Homem da minha comunidade",1.0,1.0
"Agente público de segurança (policial militar, civil, guarda municipal, polícia federal, etc)
Agente público de saúde (médico/a, enfermeiro/a, técnico/a em enfermagem, maqueiro, etc)
Agente público da educação (professor/a, diretor/a, coordenador pedagógico, etc)
Homem da minha comunidade
Mulher da minha comunidade
Um familiar
Homem na rua
Mulher na rua
Funcionário/a de empresa/loja",1.0,1.0
Total,100.0,139.0
