Você se considera um ativista social da causa negra LGBTI+?,Agênero%,Homem Cisgênero (Quem se identifica com o sexo biológico)%,Homem trans%,Mulher Cisgênera (Quem se identifica com o sexo biológico)%,Mulher trans%,Não binarie%,Não me enquadro em rótulos %,Queer %,Transmasculino%,Travesti%,Agênero,Homem Cisgênero (Quem se identifica com o sexo biológico),Homem trans,Mulher Cisgênera (Quem se identifica com o sexo biológico),Mulher trans,Não binarie,Não me enquadro em rótulos ,Queer ,Transmasculino,Travesti
Não,100.0,43.0,29.0,35.0,25.0,11.0,100.0,0.0,0.0,25.0,3.0,20.0,2.0,22.0,1.0,1.0,1.0,0.0,0.0,1.0
"Sim, das duas causas",0.0,45.0,71.0,42.0,75.0,78.0,0.0,100.0,100.0,75.0,0.0,21.0,5.0,26.0,3.0,7.0,0.0,1.0,1.0,3.0
"Sim, somente para pessoas LGBTI+",0.0,2.0,0.0,2.0,0.0,0.0,0.0,0.0,0.0,0.0,0.0,1.0,0.0,1.0,0.0,0.0,0.0,0.0,0.0,0.0
"Sim, somente para pessoas negras",0.0,11.0,0.0,21.0,0.0,11.0,0.0,0.0,0.0,0.0,0.0,5.0,0.0,13.0,0.0,1.0,0.0,0.0,0.0,0.0
Total,100.0,100.0,100.0,100.0,100.0,100.0,100.0,100.0,100.0,100.0,3.0,47.0,7.0,62.0,4.0,9.0,1.0,1.0,1.0,4.0
