Você se considera um ativista social da causa negra LGBTI+?,Assexual%,Biafetivo%,Bissexual%,Gay%,Heterossexual%,Homem gay%,Lésbica%,Não me enquadro em rótulos %,Não rotulo minha sexualidade.%,Pansexual%,Assexual,Biafetivo,Bissexual,Gay,Heterossexual,Homem gay,Lésbica,Não me enquadro em rótulos ,Não rotulo minha sexualidade.,Pansexual
Não,50.0,0.0,33.0,41.0,32.0,100.0,47.0,100.0,0.0,27.0,1.0,0.0,17.0,14.0,7.0,1.0,7.0,1.0,0.0,3.0
"Sim, das duas causas",0.0,0.0,39.0,53.0,64.0,0.0,53.0,0.0,100.0,55.0,0.0,0.0,20.0,18.0,14.0,0.0,8.0,0.0,1.0,6.0
"Sim, somente para pessoas LGBTI+",0.0,100.0,0.0,0.0,0.0,0.0,0.0,0.0,0.0,9.0,0.0,1.0,0.0,0.0,0.0,0.0,0.0,0.0,0.0,1.0
"Sim, somente para pessoas negras",50.0,0.0,27.0,6.0,5.0,0.0,0.0,0.0,0.0,9.0,1.0,0.0,14.0,2.0,1.0,0.0,0.0,0.0,0.0,1.0
Total,100.0,100.0,100.0,100.0,100.0,100.0,100.0,100.0,100.0,100.0,2.0,1.0,51.0,34.0,22.0,1.0,15.0,1.0,1.0,11.0
