,Percentual,Quantidade,Grau,Meio
Muito,46.0,63.0,Muito,Política
Médio,46.0,62.0,Médio,Política
Pouco,8.0,11.0,Pouco,Política
Muito,78.0,108.0,Médio,Cultura
Médio,20.0,28.0,Muito,Cultura
Pouco,2.0,3.0,Pouco,Cultura
Pouco,37.0,50.0,Médio,Beleza
Médio,32.0,43.0,Muito,Beleza
Muito,31.0,41.0,Pouco,Beleza
Médio,54.0,72.0,Médio,Economia
Pouco,32.0,42.0,Muito,Economia
Muito,14.0,19.0,Pouco,Economia
Muito,57.0,78.0,Muito,Educação
Médio,37.0,50.0,Médio,Educação
Pouco,6.0,8.0,Pouco,Educação
Muito,68.0,93.0,Muito,Entretenimento
Médio,27.0,37.0,Médio,Entretenimento
Pouco,4.0,6.0,Pouco,Entretenimento
Pouco,59.0,75.0,Muito,Esportes
Médio,24.0,31.0,Médio,Esportes
Muito,17.0,22.0,Pouco,Esportes
Muito,56.0,74.0,Médio,Lazer
Médio,25.0,33.0,Muito,Lazer
Pouco,20.0,26.0,Pouco,Lazer
Médio,47.0,64.0,Médio,Meio Ambiente
Muito,27.0,36.0,Muito,Meio Ambiente
Pouco,26.0,35.0,Pouco,Meio Ambiente
