,Percentual,Quantidade,Grau,Canal,Quais os canais de TV que você mais consome? >> Rede Globo%,Quais os canais de TV que você mais consome? >> Rede Globo,Quais os canais de TV que você mais consome? >> Rede Record%,Quais os canais de TV que você mais consome? >> Rede Record,Quais os canais de TV que você mais consome? >> Rede TV%,Quais os canais de TV que você mais consome? >> Rede TV,Quais os canais de TV que você mais consome? >> SBT%,Quais os canais de TV que você mais consome? >> SBT,Quais os canais de TV que você mais consome? >> TV Brasil%,Quais os canais de TV que você mais consome? >> TV Brasil
Não assisto,70.0,49.0,Assisto muito,TV bandeirantes,,,,,,,,,,
Assisto pouco,27.0,19.0,Assisto mais ou menos,TV bandeirantes,,,,,,,,,,
Assisto  mais ou menos,3.0,2.0,Assisto pouco,TV bandeirantes,,,,,,,,,,
Não assisto,88.0,61.0,Assisto muito,CNT,,,,,,,,,,
Assisto pouco,10.0,7.0,Assisto mais ou menos,CNT,,,,,,,,,,
Assisto  mais ou menos,1.0,1.0,Assisto pouco,CNT,,,,,,,,,,
Assisto muito,,,,,56.0,41.0,,,,,,,,
Assisto  mais ou menos,,,,,26.0,19.0,,,,,,,,
Assisto pouco,,,,,14.0,10.0,,,,,,,,
Não assisto,,,,,4.0,3.0,,,,,,,,
Não assisto,,,,,,,73.0,52.0,,,,,,
Assisto pouco,,,,,,,18.0,13.0,,,,,,
Assisto  mais ou menos,,,,,,,4.0,3.0,,,,,,
Assisto muito,,,,,,,4.0,3.0,,,,,,
Não assisto,,,,,,,,,77.0,55.0,,,,
Assisto pouco,,,,,,,,,18.0,13.0,,,,
Assisto  mais ou menos,,,,,,,,,3.0,2.0,,,,
Assisto muito,,,,,,,,,1.0,1.0,,,,
Não assisto,,,,,,,,,,,55.0,39.0,,
Assisto pouco,,,,,,,,,,,32.0,23.0,,
Assisto  mais ou menos,,,,,,,,,,,8.0,6.0,,
Assisto muito,,,,,,,,,,,4.0,3.0,,
Não assisto,,,,,,,,,,,,,59.0,42.0
Assisto pouco,,,,,,,,,,,,,21.0,15.0
Assisto  mais ou menos,,,,,,,,,,,,,15.0,11.0
Assisto muito,,,,,,,,,,,,,4.0,3.0
