,Se você assiste outro canal (is) pode escrever abaixo:%,Se você assiste outro canal (is) pode escrever abaixo:
Globo news,9.0,2.0
Canal fechado,5.0,1.0
Futura ,5.0,1.0
"Globonews, GNT",5.0,1.0
"History Chanel, History 2, Universal Chanel, Discovery ID, Discovery Travel, Animal Planet.",5.0,1.0
TV a cabo,5.0,1.0
HBO,5.0,1.0
discovery e telecine,5.0,1.0
Streaming ,5.0,1.0
Tv cultura,5.0,1.0
"HBO, TLC, MULTISHOW, LIFETIME, ETC",5.0,1.0
CNN,5.0,1.0
Netflix ,5.0,1.0
Globo News,5.0,1.0
"Sportv, GNT, Multishow ",5.0,1.0
Multishow Globonews GNT MTV ,5.0,1.0
Globonews,5.0,1.0
GNT,5.0,1.0
canais fechados,5.0,1.0
SporTV todos,5.0,1.0
Gnt,5.0,1.0
Total,100.0,22.0
