,"Você acha que os candidatos, em que votou nesta eleição, se importam com a população negra/LGBTI?%","Você acha que os candidatos, em que votou nesta eleição, se importam com a população negra/LGBTI?"
"Sim, votei apenas em candidatos que considero se importarem com a população negra/LGBTI",68.0,91.0
"Mais ou menos, alguns eu considero que se importam e outros não",22.0,29.0
"Sim, votei apenas em candidatos que SÃO voltadas para a população negra LGBTI",5.0,7.0
"Sim, votei apenas em candidatos que POSSUEM PAUTAS voltadas para a população negra LGBTI",4.0,5.0
"Não, eu não voto em candidatos que se importam ou pautam propostas para pessoas negras LGBTI",1.0,1.0
"Não, não considero que nenhum candidato se importe com as pessoas negras/LGBTIS",1.0,1.0
Total,100.0,134.0
