CEP,Quantidade,Bairro,Zona,lat,long
21044745,2,Maré,Zona Norte,-22.8558021,-43.2418933
21044130,2,"Rua Maurício de Nassau, Bonsucesso ",Zona Norte,-22.851196,-43.2449455
21044610,2,"Rua Quinze de Janeiro,Maré",Zona Norte,-22.8738259,-43.2411778
21044251,2,"Rua Teixeira Ribeiro, Bonsucesso,",Zona Norte,-22.856157,-43.2471506
21550270,2,Oswaldo Cruz,Zona Norte,-22.8646354,-43.3521505
21070370,2,"Estrada José Rucas, Penha",Zona Norte,-22.8485946,-43.2817628
21040212,2,"Avenida Guilherme Maxwell, Bonsucesso",Zona Norte,-22.8633657,-43.249592
21021370,2,Olaria,Zona Norte,-22.8438166,-43.2656729
20260250,1,"Rua Antônio Rello Filho, Tijuca",Zona Norte,-22.9247926,-43.2189171
21235210,1,Irajá,Zona Norte,-22.8426536,-43.3324358
23055006,1,Campo Grande,Zona Oeste,-22.9139862,-43.5781454
21041020,1,"Avenida Paris, Bonsucesso",Zona Norte,-22.8658048,-43.2507859
21041245,1,Comunidade Agrícola de Higienópolis,Zona Norte,-22.8719343,-43.2565515
23565440,1,"Rua Dezesete, Santa Cruz",Zona Oeste,-22.9003343,-43.7086236
20531390,1,"Estrada Tijuacu, Alto da Boa Vista",Zona Norte,-22.9723025,-43.2872723
20725050,1,Méier,Zona Norte,-22.9038374,-43.2786138
20560000,1,Vila Isabel,Zona Norte,-22.9175916,-43.2455871
21235680,1,"Rua Maestro Henrique Vogeler, Braz de Pina",Zona Norte,-22.8358491,-43.3128377
21044530,1,"Rua Dois, Maré",Zona Norte,-22.8720857,-43.2405188
25050900,1,"Avenida Nossa Senhora de Copacabana, 680",Zona Sul,-22.9707158,-43.1867962
26463070,1,"Rua Beatriz Silva, Parque Luiz Gonzaga, Japeri",Baixada,-22.6743472,-43.5930087
21044310,1,Maré,Zona Norte,-22.8503605,-43.2457395
20240180,1,Centro,Centro Histórico e Zona Portuária,-22.9176955,-43.1881444
66080321,1,"Travessa Lomas Valentinas, Pedreira, Belem",Belém,-14.243814,-48.4695881
21041030,1,"Avenida Londres, Bonsucesso",Zona Norte,-22.8670896,-43.251178
21032060,1,"Rua Dona Isabel, Bonsucesso,",Zona Norte,-22.8651529,-43.2559399
21044550,1,"Rua F, Maré",Zona Norte,-22.8572844,-43.2435647
21043230,1,"Rua Ivanildo Alves, Bonsucesso",Zona Norte,-22.8590598,-43.2436966
20521050,1,"Rua Carlos de Vasconcelos, Tijuca",Zona Norte,-22.9254724,-43.2296759
23040640,1,"Rua Severino Ferreira da Costa, Campo Grande",Zona Oeste,-22.923239,-43.5471582
20541280,1,"Rua Ferreira Pontes, Andaraí",Zona Norte,-22.9285048,-43.2560595
20770070,1,"Rua Sales Guimarães, Engenho de Dentro",Zona Norte,-22.8913446,-43.2888935
22753033,1,"Estrada de Jacarepaguá, Anil",Zona Oeste,-22.957747,-43.3360849
21941610,1,"Rua das Acácias, Cidade Universitária",Zona Norte,-22.8690102,-43.217237
22775780,1,"Estrada Santa Efigênia, Taquara",Zona Oeste,-22.9418559,-43.3713849
23073240,1,"Rua Moreno Brandão, Campo Grande",Zona Oeste,-22.8899877,-43.5908703
22710255,1,"Rua Mapendi, Taquara",Zona Oeste,-22.927005,-43.3766523
21550050,1,"Rua Caburi, Rocha Miranda, Rio de Janeiro",Zona Norte,-22.8592958,-43.349955
23088380,1,"Rua Luiz Montezuma, Campo Grande",Zona Oeste,-22.8845619,-43.54492
23097899,1,"Área Rural, Área Rural de Jaboticabal, Jaboticabal, São Paulo",São Paulo,-21.2600357,-48.3237516
21032150,1,"Rua João Torquato, Bonsucesso",Zona Norte,-22.8577938,-43.2526568
20260300,1,"Rua Félix da Cunha, Tijuca",Zona Norte,-22.9246477,-43.2216886
23015200,1,"Rua Campo Maior, Campo Grande",Zona Oeste,-22.9092554,-43.541477
20241320,1,"Rua Joaquim Murtinho, Santa Teresa",Centro Histórico e Zona Portuária,-22.9163793,-43.1828773
22765820,1,"Avenida Otávio Malta, Anil",Zona Oeste,-22.9586935,-43.3431108
20551190,1,"Rua Silva Pinto, Vila Isabel",Zona Norte,-22.9147889,-43.247992
23560869,1,"Rua Doze, Santa Cruz",Zona Oeste,-22.9006823,-43.7060707
21046120,1,"Via B-1, Maré",Zona Norte,-22.8674795,-43.2360836
20775100,1,"Rua Rio Grande do Sul, Méier",Zona Norte,-22.8981994,-43.2754726
20081311,1,"Avenida Venezuela, Saúde",Centro Histórico e Zona Portuária,-22.8965129,-43.1844426
20550012,1,"Rua São Francisco Xavier, Tijuca",Zona Norte,-22.9181414,-43.2243845
21350050,1,"Rua Itamarati, Cascadura",Zona Norte,-22.8771232,-43.3267491
20240015,1,"Rua Cardeal Dom Sebastião Leme, Santa Teresa",Centro Histórico e Zona Portuária,-22.9171041,-431890789
22260001,1,"Rua São Clemente, Botafogo",Zona Sul,-22.949908,-43.1905354
20231110,1,"Rua da Relação, Centro",Centro Histórico e Zona Portuária,-22.9103994,-43.1840365
20270040,1,"Rua Lúcio de Mendonça, Maracanã",Zona Norte,-22.9161476,-43.2236185
21240120,1,"Rua Ministro Artur Costa, Jardim América",Zona Norte,-22.8093687,-43.3242714
20251250,1,"Rua Eliseu Visconti, Catumbi",Centro Histórico e Zona Portuária,-22.9270451,-43.1969078
21042000,1,"Avenida Bento Ribeiro Dantas, Maré",Zona Norte,-22.86723,-43.2406983
22020010,1,"Rua Belfort Roxo, Copacabana",Zona Sul,-22.9638105,-43.1762532
21331620,1,"Estrada da Fontinha, Bento Ribeiro",Zona Norte,-22.8744231,-43.3617109
22240005,1,"Rua das Laranjeiras, Laranjeiras",Zona Sul,-22.934498,-43.1875152
20715003,1,"Rua Barão do Bom Retiro, Engenho Novo",Zona Norte,-22.9113543,-43.2684721
22250080,1,"Rua Senador Euzebio, Flamengo",Zona Sul,-22.9378206,-43.1749561
21241460,1,"Rua Correia Dias, Jardim América",Zona Norte,-22.8131734,-43.3177982
20541155,1,"Rua Amaral, Andaraí",Zona Norte,-22.9229252,-43.2444448
23092290,1,"Estrada Serra Alta, Campo Grande",Zona Oeste,-22.8715775,-43.5357052
22031060,1,"Praça Vereador Rocha Leão, Copacabana",Zona Sul,-22.9639182,-43.1912836
20950092,1,"Rua Vinte e Quatro de Maio, Engenho Novo",Zona Norte,-22.9032928,-43.2698272
21010290,1,"Rua Mar Grande, Cordovil",Zona Norte,-22.8163585,-43.2906717
22730280,1,"Rua Iriju, Taquara",Zona Oeste,-22.9236585,-43.3663423
20221110,1,"Rua Major Saião, Gamboa",Centro Histórico e Zona Portuária,-22.8981477,-43.1888999
21941903,1,"Largo Wanda de Oliveira, 400, Cidade Universitária",Zona Norte,-22.8388286,-43.2284795
21044075,1,"Rua João Araújo, Bonsucesso",Zona Norte,-22.8523877,-43.2439268
21046035,1,"Via A-1, Maré",Zona Norte,-22.868292,-43.2376563
21870350,1,"Rua Porto de Pedras, Bangu",Zona Oeste,-22.8694169,-43.4543485
22740010,1,"Avenida Geremário Dantas, Pechincha",Zona Oeste,-22.9293182,-43.3538727
22031071,1,"Rua Siqueira Campos, Copacabana",Zona Sul,-22.9664282,-43.1870582
20241220,1,"Rua Cândido Mendes, Glória",Zona Sul,-22.9204353,-43.1804722
22775045,1,"Rua Alfredo Ceschiatti, Jacarepaguá",Zona Oeste,-22.9718564,-43.3840448
20715004,1,"Rua Barão do Bom Retiro, Engenho Novo",Zona Norte,-22.9113543,-43.2684721
21331615,1,"Rua Maria Flaviana de Lima, Bento Ribeiro",Zona Norte,-22.8752667,-43.3627611
21044030,1,"Rua Brasília, Bonsucesso",Zona Norte,-22.8507978,-43.242837
23042500,1,"Estrada das Agulhas Negras, Campo Grande",Zona Oeste,-22.9314533,-43.5605765
20560090,1,"Rua Jerônimo de Lemos, Vila Isabel",Zona Norte,-22.9188457,-43.2598946
21555060,1,"Rua Corumbiara, Rocha Miranda",Zona Norte,-22.8549105,-43.3556699
20510290,1,"Rua Dona Florinda, Andaraí",Zona Norte,-22.9293128,-43.2488772
20241060,1,"Rua Taylor, Centro",Centro Histórico e Zona Portuária,-22.9170703,-43.1785678
21051290,1,"Rua do Ateneu, Inhaúma",Zona Norte,-22.8752084,-43.2749888
25565340,1,"Rua Leopoldo Froes, Jardim José Bonifácio",Baixada,-22.7968409,-43.3610319
21221490,1,"Rua Tejupa, Vila da Penha",Zona Norte,-22.8447758,-43.3142908
21040005,1,"Rua Ari Leão, Ramos",Zona Norte,-22.8504365,-43.2441323
20725001,1,"a Vinte e Quatro de Maio, Méier",Zona Norte,-22.9039128,-43.2760699
20240012,1,"Rua Cardeal Dom Sebastião Leme, Santa Teresa,",Centro Histórico e Zona Portuária,-22.9171041,-43.1890789
22261001,1,"Rua Niamey, Bangu",Zona Oeste,-22.8593158,-43.4903782
21850520,1,"Rua do Humaitá, Humaitá",Zona Sul,-22.9573364,-43.1990768
20761350,1,"Rua Pereira Pinto, Tomás Coelho",Zona Norte,-22.8695339,-43.3001912
22290240,1,"Avenida Pasteur, Botafogo",Zona Sul,-22.9519572,-43.1738664
21331070,1,"Rua Marina, Bento Ribeiro",Zona Norte,-22.8712778,-43.3678443
21331160,1,"Rua Santa Mercedes, Bento Ribeiro",Zona Norte,-22.8709847,-43.3690377
20230100,1,"Rua Sílvio Romero, Santa Teresa",Centro Histórico e Zona Portuária,-22.91498,-43.1818668
22770233,1,"Rua Professor Henrique Costa, Pechincha",Zona Oeste,-22.9315054,-43.3622321
20241150,1,"Rua Benjamim Constant, Glória",Zona Sul,-22.9208446,-43.1795305
20740322,1,"Rua Clarimundo de Melo, Encantado",Zona Norte,-22.8961589,-43.3083256