"Você sabe da existência ou segue pessoas negras LGBTI's que são comunicadoras? (Influenciadores, jornalistas, etc)",Assexual%,Biafetivo%,Bissexual%,Gay%,Heterossexual%,Homem gay%,Lésbica%,Não me enquadro em rótulos %,Não rotulo minha sexualidade.%,Pansexual%,Assexual,Biafetivo,Bissexual,Gay,Heterossexual,Homem gay,Lésbica,Não me enquadro em rótulos ,Não rotulo minha sexualidade.,Pansexual
Não sei da existência de nenhum,100.0,0.0,2.0,0.0,0.0,0.0,0.0,0.0,0.0,0.0,2.0,0.0,1.0,0.0,0.0,0.0,0.0,0.0,0.0,0.0
Não sei responder,0.0,0.0,6.0,6.0,0.0,0.0,7.0,0.0,0.0,0.0,0.0,0.0,3.0,2.0,0.0,0.0,1.0,0.0,0.0,0.0
"Sim, sei da existência e sigo",0.0,100.0,88.0,82.0,77.0,100.0,80.0,100.0,100.0,82.0,0.0,1.0,45.0,28.0,17.0,1.0,12.0,1.0,1.0,9.0
"Sim, sei da existência mas não sigo",0.0,0.0,4.0,12.0,23.0,0.0,13.0,0.0,0.0,18.0,0.0,0.0,2.0,4.0,5.0,0.0,2.0,0.0,0.0,2.0
Total,100.0,100.0,100.0,100.0,100.0,100.0,100.0,100.0,100.0,100.0,2.0,1.0,51.0,34.0,22.0,1.0,15.0,1.0,1.0,11.0
