"Você sabe da existência ou segue pessoas negras LGBTI's que são comunicadoras? (Influenciadores, jornalistas, etc)",Agênero%,Homem Cisgênero (Quem se identifica com o sexo biológico)%,Homem trans%,Mulher Cisgênera (Quem se identifica com o sexo biológico)%,Mulher trans%,Não binarie%,Não me enquadro em rótulos %,Queer %,Transmasculino%,Travesti%,Agênero,Homem Cisgênero (Quem se identifica com o sexo biológico),Homem trans,Mulher Cisgênera (Quem se identifica com o sexo biológico),Mulher trans,Não binarie,Não me enquadro em rótulos ,Queer ,Transmasculino,Travesti
Não sei da existência de nenhum,33.0,0.0,0.0,3.0,0.0,0.0,0.0,0.0,0.0,0.0,1.0,0.0,0.0,2.0,0.0,0.0,0.0,0.0,0.0,0.0
Não sei responder,0.0,4.0,14.0,5.0,0.0,0.0,0.0,0.0,0.0,0.0,0.0,2.0,1.0,3.0,0.0,0.0,0.0,0.0,0.0,0.0
"Sim, sei da existência e sigo",67.0,85.0,86.0,81.0,75.0,89.0,100.0,100.0,100.0,75.0,2.0,40.0,6.0,50.0,3.0,8.0,1.0,1.0,1.0,3.0
"Sim, sei da existência mas não sigo",0.0,11.0,0.0,11.0,25.0,11.0,0.0,0.0,0.0,25.0,0.0,5.0,0.0,7.0,1.0,1.0,0.0,0.0,0.0,1.0
Total,100.0,100.0,100.0,100.0,100.0,100.0,100.0,100.0,100.0,100.0,3.0,47.0,7.0,62.0,4.0,9.0,1.0,1.0,1.0,4.0
