Você já foi vítima de discurso violento (de ódio)?,Agênero%,Homem Cisgênero (Quem se identifica com o sexo biológico)%,Homem trans%,Mulher Cisgênera (Quem se identifica com o sexo biológico)%,Mulher trans%,Não binarie%,Não me enquadro em rótulos %,Queer %,Transmasculino%,Travesti%,Agênero,Homem Cisgênero (Quem se identifica com o sexo biológico),Homem trans,Mulher Cisgênera (Quem se identifica com o sexo biológico),Mulher trans,Não binarie,Não me enquadro em rótulos ,Queer ,Transmasculino,Travesti
Nunca fui vítima de discurso violento (de ódio),67.0,34.0,14.0,34.0,50.0,11.0,100.0,0.0,0.0,25.0,2.0,16.0,1.0,21.0,2.0,1.0,1.0,0.0,0.0,1.0
"Sim, apenas online",33.0,17.0,29.0,11.0,0.0,0.0,0.0,0.0,0.0,75.0,1.0,8.0,2.0,7.0,0.0,0.0,0.0,0.0,0.0,3.0
"Sim, apenas presencialmente",0.0,4.0,14.0,8.0,25.0,11.0,0.0,100.0,0.0,0.0,0.0,2.0,1.0,5.0,1.0,1.0,0.0,1.0,0.0,0.0
"Sim, online e presencialmente",0.0,45.0,43.0,47.0,25.0,78.0,0.0,0.0,100.0,0.0,0.0,21.0,3.0,29.0,1.0,7.0,0.0,0.0,1.0,0.0
Total,100.0,100.0,100.0,100.0,100.0,100.0,100.0,100.0,100.0,100.0,3.0,47.0,7.0,62.0,4.0,9.0,1.0,1.0,1.0,4.0
