Quanto você considera que o discurso violento (de ódio) está presente em sua vida?,Agênero%,Homem Cisgênero (Quem se identifica com o sexo biológico)%,Homem trans%,Mulher Cisgênera (Quem se identifica com o sexo biológico)%,Mulher trans%,Não binarie%,Não me enquadro em rótulos %,Queer %,Transmasculino%,Travesti%,Agênero,Homem Cisgênero (Quem se identifica com o sexo biológico),Homem trans,Mulher Cisgênera (Quem se identifica com o sexo biológico),Mulher trans,Não binarie,Não me enquadro em rótulos ,Queer ,Transmasculino,Travesti
Muito presente em minha vida,33.0,34.0,57.0,27.0,25.0,78.0,0.0,0.0,100.0,25.0,1.0,16.0,4.0,17.0,1.0,7.0,0.0,0.0,1.0,1.0
Não considero que esteja presente em minha vida,33.0,17.0,14.0,13.0,0.0,0.0,100.0,0.0,0.0,0.0,1.0,8.0,1.0,8.0,0.0,0.0,1.0,0.0,0.0,0.0
Pouco presente em minha vida,33.0,49.0,29.0,60.0,75.0,22.0,0.0,100.0,0.0,75.0,1.0,23.0,2.0,37.0,3.0,2.0,0.0,1.0,0.0,3.0
Total,100.0,100.0,100.0,100.0,100.0,100.0,100.0,100.0,100.0,100.0,3.0,47.0,7.0,62.0,4.0,9.0,1.0,1.0,1.0,4.0
