Você já foi vítima de discurso violento (de ódio)?,Assexual%,Biafetivo%,Bissexual%,Gay%,Heterossexual%,Homem gay%,Lésbica%,Não me enquadro em rótulos %,Não rotulo minha sexualidade.%,Pansexual%,Assexual,Biafetivo,Bissexual,Gay,Heterossexual,Homem gay,Lésbica,Não me enquadro em rótulos ,Não rotulo minha sexualidade.,Pansexual
Nunca fui vítima de discurso violento (de ódio),50.0,100.0,25.0,29.0,36.0,100.0,33.0,100.0,0.0,45.0,1.0,1.0,13.0,10.0,8.0,1.0,5.0,1.0,0.0,5.0
"Sim, apenas online",0.0,0.0,14.0,18.0,27.0,0.0,7.0,0.0,0.0,9.0,0.0,0.0,7.0,6.0,6.0,0.0,1.0,0.0,0.0,1.0
"Sim, apenas presencialmente",0.0,0.0,10.0,3.0,9.0,0.0,7.0,0.0,0.0,18.0,0.0,0.0,5.0,1.0,2.0,0.0,1.0,0.0,0.0,2.0
"Sim, online e presencialmente",50.0,0.0,51.0,50.0,27.0,0.0,53.0,0.0,100.0,27.0,1.0,0.0,26.0,17.0,6.0,0.0,8.0,0.0,1.0,3.0
Total,100.0,100.0,100.0,100.0,100.0,100.0,100.0,100.0,100.0,100.0,2.0,1.0,51.0,34.0,22.0,1.0,15.0,1.0,1.0,11.0
