,Você já sofreu discriminação SEXUAL ou de GÊNERO?%,Você já sofreu discriminação SEXUAL ou de GÊNERO?
"Não, nunca sofri",16.0,22.0
"Sim, mais de uma vez/regularmente",15.0,20.0
"Sim, mais de uma vez/regularmente
Já recebi olhares estranhos",9.0,13.0
"Sim, uma vez",8.0,11.0
Já recebi olhares estranhos,8.0,11.0
"Sim, mais de uma vez/regularmente
Já recebi olhares estranhos
Já fui seguido",6.0,8.0
"Sim, mais de uma vez/regularmente
Já recebi olhares estranhos
Já tive minha identidade sexual/gênero exposta contra minha vontade",3.0,4.0
"Sim, mais de uma vez/regularmente
Já fui expulso de lugares
Já recebi olhares estranhos
Já fui seguido
Já fui impedido de entrar/acessar locais (banheiros, estabelecimentos, etc.)
Já fui parado por agentes de segurança (pública/privada)/segurança de forma preconceituosa
Já tive minha identidade sexual/gênero exposta contra minha vontade",3.0,4.0
"Já recebi olhares estranhos
Já tive minha identidade sexual/gênero exposta contra minha vontade",2.0,3.0
"Sim, mais de uma vez/regularmente
Já tive minha identidade sexual/gênero exposta contra minha vontade",2.0,3.0
"Sim, mais de uma vez/regularmente
Já recebi olhares estranhos
Já fui parado por agentes de segurança (pública/privada)/segurança de forma preconceituosa",2.0,3.0
"Sim, uma vez
Já recebi olhares estranhos",1.0,2.0
Prefiro não responder,1.0,2.0
"Sim, mais de uma vez/regularmente
Já recebi olhares estranhos
Já fui seguido
Já fui impedido de entrar/acessar locais (banheiros, estabelecimentos, etc.)
Já fui parado por agentes de segurança (pública/privada)/segurança de forma preconceituosa
Já tive minha identidade sexual/gênero exposta contra minha vontade",1.0,2.0
"Sim, uma vez
Sim, mais de uma vez/regularmente
Já recebi olhares estranhos
Já fui parado por agentes de segurança (pública/privada)/segurança de forma preconceituosa
Já tive minha identidade sexual/gênero exposta contra minha vontade",1.0,2.0
"Sim, mais de uma vez/regularmente
Já recebi olhares estranhos
Já fui parado por agentes de segurança (pública/privada)/segurança de forma preconceituosa
Já tive minha identidade sexual/gênero exposta contra minha vontade",1.0,2.0
"Sim, mais de uma vez/regularmente
Já fui expulso de lugares
Já recebi olhares estranhos
Já fui seguido
Já fui impedido de entrar/acessar locais (banheiros, estabelecimentos, etc.)
Já fui parado por agentes de segurança (pública/privada)/segurança de forma preconceituosa",1.0,2.0
Já fui parado por agentes de segurança (pública/privada)/segurança de forma preconceituosa,1.0,1.0
"Já fui impedido de entrar/acessar locais (banheiros, estabelecimentos, etc.)
Já fui parado por agentes de segurança (pública/privada)/segurança de forma preconceituosa",1.0,1.0
"Sim, uma vez
Já fui expulso de lugares
Já recebi olhares estranhos
Já fui seguido
Já fui impedido de entrar/acessar locais (banheiros, estabelecimentos, etc.)
Já fui parado por agentes de segurança (pública/privada)/segurança de forma preconceituosa",1.0,1.0
"Sim, mais de uma vez/regularmente
Já fui expulso de lugares",1.0,1.0
"Sim, uma vez
Já fui expulso de lugares
Já tive minha identidade sexual/gênero exposta contra minha vontade",1.0,1.0
"Sim, uma vez
Já fui expulso de lugares
Já fui impedido de entrar/acessar locais (banheiros, estabelecimentos, etc.)",1.0,1.0
"Sim, mais de uma vez/regularmente
Já fui seguido",1.0,1.0
"Sim, mais de uma vez/regularmente
Já recebi olhares estranhos
Já fui seguido
Já tive minha identidade sexual/gênero exposta contra minha vontade",1.0,1.0
"Já recebi olhares estranhos
Já fui impedido de entrar/acessar locais (banheiros, estabelecimentos, etc.)",1.0,1.0
"Sim, uma vez
Já recebi olhares estranhos
Já fui seguido",1.0,1.0
"Sim, mais de uma vez/regularmente
Já recebi olhares estranhos
Já fui seguido
Já fui impedido de entrar/acessar locais (banheiros, estabelecimentos, etc.)",1.0,1.0
"Sim, uma vez
Prefiro não responder",1.0,1.0
"Sim, mais de uma vez/regularmente
Já recebi olhares estranhos
Já fui seguido
Já fui impedido de entrar/acessar locais (banheiros, estabelecimentos, etc.)
Já fui parado por agentes de segurança (pública/privada)/segurança de forma preconceituosa",1.0,1.0
"Sim, mais de uma vez/regularmente
Já recebi olhares estranhos
Já fui seguido
Já fui parado por agentes de segurança (pública/privada)/segurança de forma preconceituosa
Já tive minha identidade sexual/gênero exposta contra minha vontade",1.0,1.0
"Sim, mais de uma vez/regularmente
Já recebi olhares estranhos
Já fui seguido
Já fui impedido de entrar/acessar locais (banheiros, estabelecimentos, etc.)
Já tive minha identidade sexual/gênero exposta contra minha vontade",1.0,1.0
"Sim, uma vez
Já recebi olhares estranhos
Já fui seguido
Já fui impedido de entrar/acessar locais (banheiros, estabelecimentos, etc.)",1.0,1.0
"Sim, mais de uma vez/regularmente
Já fui parado por agentes de segurança (pública/privada)/segurança de forma preconceituosa
Já tive minha identidade sexual/gênero exposta contra minha vontade",1.0,1.0
"Sim, mais de uma vez/regularmente
Já fui parado por agentes de segurança (pública/privada)/segurança de forma preconceituosa",1.0,1.0
"Não, nunca sofri
Sim, uma vez",1.0,1.0
"Já recebi olhares estranhos
Já fui impedido de entrar/acessar locais (banheiros, estabelecimentos, etc.)
Já tive minha identidade sexual/gênero exposta contra minha vontade",1.0,1.0
"Sim, mais de uma vez/regularmente
Já recebi olhares estranhos
Já fui impedido de entrar/acessar locais (banheiros, estabelecimentos, etc.)
Já fui parado por agentes de segurança (pública/privada)/segurança de forma preconceituosa",1.0,1.0
Já tive minha identidade sexual/gênero exposta contra minha vontade,1.0,1.0
"Já recebi olhares estranhos
Já fui parado por agentes de segurança (pública/privada)/segurança de forma preconceituosa",1.0,1.0
Total,100.0,137.0
