,Você já sofreu discriminação racial?%,Você já sofreu discriminação racial?
"Sim, mais de uma vez/regularmente",25.0,34.0
"Sim, mais de uma vez/regularmente
Já recebi olhares estranhos
Já fui seguido",9.0,13.0
"Sim, mais de uma vez/regularmente
Já recebi olhares estranhos
Já fui seguido
Já fui parado por agentes de segurança (pública/privada)/segurança de forma preconceituosa",9.0,13.0
"Sim, uma vez",6.0,8.0
"Não, nunca sofri",4.0,6.0
Prefiro não responder,4.0,6.0
"Sim, mais de uma vez/regularmente
Já recebi olhares estranhos
Já fui seguido
Já fui impedido de entrar/acessar locais (banheiros, estabelecimentos, etc.)
Já fui parado por agentes de segurança (pública/privada)/segurança de forma preconceituosa",4.0,6.0
"Sim, mais de uma vez/regularmente
Já fui parado por agentes de segurança (pública/privada)/segurança de forma preconceituosa",4.0,6.0
"Sim, mais de uma vez/regularmente
Já recebi olhares estranhos
Já fui parado por agentes de segurança (pública/privada)/segurança de forma preconceituosa",4.0,5.0
"Já recebi olhares estranhos
Já fui seguido",4.0,5.0
Já recebi olhares estranhos,4.0,5.0
"Sim, mais de uma vez/regularmente
Já recebi olhares estranhos",3.0,4.0
"Sim, mais de uma vez/regularmente
Já fui expulso de lugares
Já recebi olhares estranhos
Já fui seguido
Já fui impedido de entrar/acessar locais (banheiros, estabelecimentos, etc.)
Já fui parado por agentes de segurança (pública/privada)/segurança de forma preconceituosa",3.0,4.0
"Sim, mais de uma vez/regularmente
Já recebi olhares estranhos
Já fui seguido
Já fui impedido de entrar/acessar locais (banheiros, estabelecimentos, etc.)",2.0,3.0
"Sim, uma vez
Sim, mais de uma vez/regularmente
Já recebi olhares estranhos
Já fui parado por agentes de segurança (pública/privada)/segurança de forma preconceituosa",1.0,2.0
Já fui seguido,1.0,2.0
"Já recebi olhares estranhos
Já fui seguido
Já fui parado por agentes de segurança (pública/privada)/segurança de forma preconceituosa",1.0,2.0
"Sim, mais de uma vez/regularmente
Já fui expulso de lugares
Já recebi olhares estranhos
Já fui seguido
Já fui parado por agentes de segurança (pública/privada)/segurança de forma preconceituosa",1.0,2.0
"Já fui seguido
Já fui parado por agentes de segurança (pública/privada)/segurança de forma preconceituosa",1.0,1.0
"Sim, mais de uma vez/regularmente
Já fui seguido",1.0,1.0
"Prefiro não responder
Já fui impedido de entrar/acessar locais (banheiros, estabelecimentos, etc.)",1.0,1.0
"Sim, uma vez
Sim, mais de uma vez/regularmente
Já fui seguido",1.0,1.0
"Sim, uma vez
Já fui expulso de lugares
Já recebi olhares estranhos
Já fui seguido
Já fui impedido de entrar/acessar locais (banheiros, estabelecimentos, etc.)
Já fui parado por agentes de segurança (pública/privada)/segurança de forma preconceituosa",1.0,1.0
"Já recebi olhares estranhos
Já fui seguido
Já fui impedido de entrar/acessar locais (banheiros, estabelecimentos, etc.)
Já fui parado por agentes de segurança (pública/privada)/segurança de forma preconceituosa",1.0,1.0
Já fui parado por agentes de segurança (pública/privada)/segurança de forma preconceituosa,1.0,1.0
"Sim, mais de uma vez/regularmente
Prefiro não responder
Já fui expulso de lugares
Já recebi olhares estranhos
Já fui seguido
Já fui impedido de entrar/acessar locais (banheiros, estabelecimentos, etc.)
Já fui parado por agentes de segurança (pública/privada)/segurança de forma preconceituosa",1.0,1.0
"Sim, uma vez
Já fui seguido",1.0,1.0
"Sim, mais de uma vez/regularmente
Já fui seguido
Já fui impedido de entrar/acessar locais (banheiros, estabelecimentos, etc.)
Já fui parado por agentes de segurança (pública/privada)/segurança de forma preconceituosa",1.0,1.0
"Já recebi olhares estranhos
Já fui parado por agentes de segurança (pública/privada)/segurança de forma preconceituosa",1.0,1.0
"Sim, uma vez
Já recebi olhares estranhos
Já fui seguido",1.0,1.0
Total,100.0,138.0
