Quanto você considera que o discurso violento (de ódio) está presente em sua vida?,Assexual%,Biafetivo%,Bissexual%,Gay%,Heterossexual%,Homem gay%,Lésbica%,Não me enquadro em rótulos %,Não rotulo minha sexualidade.%,Pansexual%,Assexual,Biafetivo,Bissexual,Gay,Heterossexual,Homem gay,Lésbica,Não me enquadro em rótulos ,Não rotulo minha sexualidade.,Pansexual
Muito presente em minha vida,100.0,0.0,35.0,35.0,36.0,0.0,33.0,0.0,100.0,18.0,2.0,0.0,18.0,12.0,8.0,0.0,5.0,0.0,1.0,2.0
Não considero que esteja presente em minha vida,0.0,100.0,10.0,18.0,9.0,100.0,7.0,100.0,0.0,18.0,0.0,1.0,5.0,6.0,2.0,1.0,1.0,1.0,0.0,2.0
Pouco presente em minha vida,0.0,0.0,55.0,47.0,55.0,0.0,60.0,0.0,0.0,64.0,0.0,0.0,28.0,16.0,12.0,0.0,9.0,0.0,0.0,7.0
Total,100.0,100.0,100.0,100.0,100.0,100.0,100.0,100.0,100.0,100.0,2.0,1.0,51.0,34.0,22.0,1.0,15.0,1.0,1.0,11.0
