,Por qual dispositivo você costuma utilizar a internet?%,Por qual dispositivo você costuma utilizar a internet?
"Dispositivo móvel (celular ou tablet)
Computador pessoal ou Notebook",42.0,58.0
Dispositivo móvel (celular ou tablet),31.0,43.0
"Dispositivo móvel (celular ou tablet)
Computador pessoal ou Notebook
Computador do trabalho",19.0,26.0
"Dispositivo móvel (celular ou tablet)
Computador do trabalho",6.0,8.0
"Dispositivo móvel (celular ou tablet)
Dispositivo móvel de terceiros (outra pessoa)",1.0,2.0
Computador pessoal ou Notebook,1.0,2.0
Total,100.0,139.0
