,Percentual,Quantidade
"Sim, estou empregado com CLT",35.0,49.0
"Não, estou desempregado",23.0,32.0
"Sim, sou trabalhador informal com MEI",16.0,22.0
"Sim, sou trabalhador informal (bico, freelancer, camelô, etc.)",13.0,18.0
"Não, Nunca trabalhei",4.0,6.0
"Sim, sou empresário",3.0,4.0
"Sim, sou trabalhador informal (bico, freelancer, camelô, etc.)
Não, estou desempregado",1.0,2.0
"Sim, estou empregado com CLT
Sim, sou trabalhador informal com MEI",1.0,2.0
"Sim, estou empregado com CLT
Sim, sou trabalhador informal (bico, freelancer, camelô, etc.)",1.0,2.0
"Sim, sou trabalhador informal (bico, freelancer, camelô, etc.)
Sim, sou trabalhador informal com MEI",1.0,2.0
Total,100.0,139.0
