Grau de escolaridade,Agênero%,Homem Cisgênero (Quem se identifica com o sexo biológico)%,Homem trans%,Mulher Cisgênera (Quem se identifica com o sexo biológico)%,Mulher trans%,Não binarie%,Não me enquadro em rótulos %,Queer %,Transmasculino%,Travesti%,Agênero,Homem Cisgênero (Quem se identifica com o sexo biológico),Homem trans,Mulher Cisgênera (Quem se identifica com o sexo biológico),Mulher trans,Não binarie,Não me enquadro em rótulos ,Queer ,Transmasculino,Travesti
Até o ensino fundamental,0.0,2.0,0.0,0.0,0.0,0.0,0.0,0.0,0.0,0.0,0.0,1.0,0.0,0.0,0.0,0.0,0.0,0.0,0.0,0.0
Até o ensino médio,0.0,19.0,14.0,16.0,25.0,33.0,0.0,0.0,0.0,75.0,0.0,9.0,1.0,10.0,1.0,3.0,0.0,0.0,0.0,3.0
Doutorado,0.0,2.0,14.0,3.0,0.0,0.0,0.0,0.0,0.0,0.0,0.0,1.0,1.0,2.0,0.0,0.0,0.0,0.0,0.0,0.0
Ensino superior ,100.0,49.0,71.0,65.0,50.0,44.0,100.0,100.0,100.0,0.0,3.0,23.0,5.0,40.0,2.0,4.0,1.0,1.0,1.0,0.0
Especialização,0.0,13.0,0.0,10.0,0.0,0.0,0.0,0.0,0.0,25.0,0.0,6.0,0.0,6.0,0.0,0.0,0.0,0.0,0.0,1.0
Mestrado,0.0,15.0,0.0,6.0,25.0,22.0,0.0,0.0,0.0,0.0,0.0,7.0,0.0,4.0,1.0,2.0,0.0,0.0,0.0,0.0
Total,100.0,100.0,100.0,100.0,100.0,100.0,100.0,100.0,100.0,100.0,3.0,47.0,7.0,62.0,4.0,9.0,1.0,1.0,1.0,4.0
