Grau de escolaridade,Assexual%,Biafetivo%,Bissexual%,Gay%,Heterossexual%,Homem gay%,Lésbica%,Não me enquadro em rótulos %,Não rotulo minha sexualidade.%,Pansexual%,Assexual,Biafetivo,Bissexual,Gay,Heterossexual,Homem gay,Lésbica,Não me enquadro em rótulos ,Não rotulo minha sexualidade.,Pansexual
Até o ensino fundamental,0.0,0.0,0.0,3.0,0.0,0.0,0.0,0.0,0.0,0.0,0.0,0.0,0.0,1.0,0.0,0.0,0.0,0.0,0.0,0.0
Até o ensino médio,0.0,100.0,12.0,18.0,32.0,100.0,13.0,0.0,0.0,36.0,0.0,1.0,6.0,6.0,7.0,1.0,2.0,0.0,0.0,4.0
Doutorado,0.0,0.0,2.0,3.0,0.0,0.0,13.0,0.0,0.0,0.0,0.0,0.0,1.0,1.0,0.0,0.0,2.0,0.0,0.0,0.0
Ensino superior ,100.0,0.0,63.0,50.0,55.0,0.0,60.0,100.0,100.0,55.0,2.0,0.0,32.0,17.0,12.0,0.0,9.0,1.0,1.0,6.0
Especialização,0.0,0.0,12.0,12.0,9.0,0.0,0.0,0.0,0.0,9.0,0.0,0.0,6.0,4.0,2.0,0.0,0.0,0.0,0.0,1.0
Mestrado,0.0,0.0,12.0,15.0,5.0,0.0,13.0,0.0,0.0,0.0,0.0,0.0,6.0,5.0,1.0,0.0,2.0,0.0,0.0,0.0
Total,100.0,100.0,100.0,100.0,100.0,100.0,100.0,100.0,100.0,100.0,2.0,1.0,51.0,34.0,22.0,1.0,15.0,1.0,1.0,11.0
