,Já recebeu alguma desinformação (fakenews) relacionada à relação racial e/ou à sigla?%,Já recebeu alguma desinformação (fakenews) relacionada à relação racial e/ou à sigla?
"Sim, em relação à relação racial
Sim, em relação à LGBTI",45.0,62.0
Nunca recebi,22.0,30.0
Não sei responder,17.0,24.0
"Sim, em relação à LGBTI",12.0,16.0
"Sim, em relação à relação racial",4.0,6.0
"Sim, em relação à relação racial
Sim, em relação à LGBTI
Não sei responder",1.0,1.0
Total,100.0,139.0
