"Você faz parte de grupos em redes sociais (facebook, whatsapp, instagram, telegram, etc) entre pessoas negras LGBTI+?",Assexual%,Biafetivo%,Bissexual%,Gay%,Heterossexual%,Homem gay%,Lésbica%,Não me enquadro em rótulos %,Não rotulo minha sexualidade.%,Pansexual%,Assexual,Biafetivo,Bissexual,Gay,Heterossexual,Homem gay,Lésbica,Não me enquadro em rótulos ,Não rotulo minha sexualidade.,Pansexual
Não faço parte de nenhum grupo,0.0,100.0,61.0,56.0,59.0,100.0,53.0,100.0,0.0,55.0,0.0,1.0,31.0,19.0,13.0,1.0,8.0,1.0,0.0,6.0
"Sim, para os dois grupos",0.0,0.0,27.0,29.0,32.0,0.0,27.0,0.0,100.0,18.0,0.0,0.0,14.0,10.0,7.0,0.0,4.0,0.0,1.0,2.0
"Sim, somente para pessoas LGBTI+",50.0,0.0,2.0,9.0,5.0,0.0,7.0,0.0,0.0,9.0,1.0,0.0,1.0,3.0,1.0,0.0,1.0,0.0,0.0,1.0
"Sim, somente para pessoas negras",50.0,0.0,10.0,6.0,5.0,0.0,13.0,0.0,0.0,18.0,1.0,0.0,5.0,2.0,1.0,0.0,2.0,0.0,0.0,2.0
Total,100.0,100.0,100.0,100.0,100.0,100.0,100.0,100.0,100.0,100.0,2.0,1.0,51.0,34.0,22.0,1.0,15.0,1.0,1.0,11.0
