"Você faz parte de grupos em redes sociais (facebook, whatsapp, instagram, telegram, etc) entre pessoas negras LGBTI+?",Agênero%,Homem Cisgênero (Quem se identifica com o sexo biológico)%,Homem trans%,Mulher Cisgênera (Quem se identifica com o sexo biológico)%,Mulher trans%,Não binarie%,Não me enquadro em rótulos %,Queer %,Transmasculino%,Travesti%,Agênero,Homem Cisgênero (Quem se identifica com o sexo biológico),Homem trans,Mulher Cisgênera (Quem se identifica com o sexo biológico),Mulher trans,Não binarie,Não me enquadro em rótulos ,Queer ,Transmasculino,Travesti
Não faço parte de nenhum grupo,33.0,64.0,14.0,66.0,25.0,33.0,100.0,0.0,0.0,50.0,1.0,30.0,1.0,41.0,1.0,3.0,1.0,0.0,0.0,2.0
"Sim, para os dois grupos",33.0,23.0,29.0,19.0,75.0,56.0,0.0,100.0,100.0,50.0,1.0,11.0,2.0,12.0,3.0,5.0,0.0,1.0,1.0,2.0
"Sim, somente para pessoas LGBTI+",33.0,6.0,29.0,3.0,0.0,0.0,0.0,0.0,0.0,0.0,1.0,3.0,2.0,2.0,0.0,0.0,0.0,0.0,0.0,0.0
"Sim, somente para pessoas negras",0.0,6.0,29.0,11.0,0.0,11.0,0.0,0.0,0.0,0.0,0.0,3.0,2.0,7.0,0.0,1.0,0.0,0.0,0.0,0.0
Total,100.0,100.0,100.0,100.0,100.0,100.0,100.0,100.0,100.0,100.0,3.0,47.0,7.0,62.0,4.0,9.0,1.0,1.0,1.0,4.0
