Qual sua orientação sexual?,Agênero%,Homem Cisgênero (Quem se identifica com o sexo biológico)%,Homem trans%,Mulher Cisgênera (Quem se identifica com o sexo biológico)%,Mulher trans%,Não binarie%,Não me enquadro em rótulos %,Queer %,Transmasculino%,Travesti%,Agênero,Homem Cisgênero (Quem se identifica com o sexo biológico),Homem trans,Mulher Cisgênera (Quem se identifica com o sexo biológico),Mulher trans,Não binarie,Não me enquadro em rótulos ,Queer ,Transmasculino,Travesti
Assexual,33.0,0.0,0.0,2.0,0.0,0.0,0.0,0.0,0.0,0.0,1.0,0.0,0.0,1.0,0.0,0.0,0.0,0.0,0.0,0.0
Biafetivo,0.0,2.0,0.0,0.0,0.0,0.0,0.0,0.0,0.0,0.0,0.0,1.0,0.0,0.0,0.0,0.0,0.0,0.0,0.0,0.0
Bissexual,67.0,19.0,29.0,52.0,0.0,33.0,0.0,100.0,100.0,25.0,2.0,9.0,2.0,32.0,0.0,3.0,0.0,1.0,1.0,1.0
Gay,0.0,66.0,0.0,0.0,0.0,33.0,0.0,0.0,0.0,0.0,0.0,31.0,0.0,0.0,0.0,3.0,0.0,0.0,0.0,0.0
Heterossexual,0.0,9.0,43.0,13.0,100.0,0.0,0.0,0.0,0.0,75.0,0.0,4.0,3.0,8.0,4.0,0.0,0.0,0.0,0.0,3.0
Homem gay,0.0,2.0,0.0,0.0,0.0,0.0,0.0,0.0,0.0,0.0,0.0,1.0,0.0,0.0,0.0,0.0,0.0,0.0,0.0,0.0
Lésbica,0.0,0.0,0.0,23.0,0.0,11.0,0.0,0.0,0.0,0.0,0.0,0.0,0.0,14.0,0.0,1.0,0.0,0.0,0.0,0.0
Não me enquadro em rótulos ,0.0,0.0,0.0,0.0,0.0,0.0,100.0,0.0,0.0,0.0,0.0,0.0,0.0,0.0,0.0,0.0,1.0,0.0,0.0,0.0
Não rotulo minha sexualidade.,0.0,0.0,14.0,0.0,0.0,0.0,0.0,0.0,0.0,0.0,0.0,0.0,1.0,0.0,0.0,0.0,0.0,0.0,0.0,0.0
Pansexual,0.0,2.0,14.0,11.0,0.0,22.0,0.0,0.0,0.0,0.0,0.0,1.0,1.0,7.0,0.0,2.0,0.0,0.0,0.0,0.0
Total,100.0,100.0,100.0,100.0,100.0,100.0,100.0,100.0,100.0,100.0,3.0,47.0,7.0,62.0,4.0,9.0,1.0,1.0,1.0,4.0
