,Percentual,Quantidade,Jornal,Quais jornais você mais lê? >> Jornal do Comércio%,Quais jornais você mais lê? >> Jornal do Comércio,Quais jornais você mais lê? >> A Tribuna da Imprensa%,Quais jornais você mais lê? >> A Tribuna da Imprensa
Leio pouco,39.0,7.0,Folha Dirigida,,,,
Não leio,33.0,6.0,Folha Dirigida,,,,
Leio muito,17.0,3.0,Folha Dirigida,,,,
Leio  mais ou menos,11.0,2.0,Folha Dirigida,,,,
Não leio,,,,83.0,15.0,,
Leio pouco,,,,17.0,3.0,,
Não leio,40.0,8.0,Extra,,,,
Leio  mais ou menos,30.0,6.0,Extra,,,,
Leio muito,20.0,4.0,Extra,,,,
Leio pouco,10.0,2.0,Extra,,,,
Não leio,58.0,11.0,Meia hora,,,,
Leio  mais ou menos,16.0,3.0,Meia hora,,,,
Leio muito,16.0,3.0,Meia hora,,,,
Leio pouco,11.0,2.0,Meia hora,,,,
Não leio,45.0,9.0,O Dia,,,,
Leio pouco,20.0,4.0,O Dia,,,,
Leio  mais ou menos,20.0,4.0,O Dia,,,,
Leio muito,15.0,3.0,O Dia,,,,
Não leio,29.0,6.0,O Globo,,,,
Leio muito,29.0,6.0,O Globo,,,,
Leio  mais ou menos,29.0,6.0,O Globo,,,,
Leio pouco,14.0,3.0,O Globo,,,,
Não leio,,,,,,84.0,16.0
Leio pouco,,,,,,11.0,2.0
Leio  mais ou menos,,,,,,5.0,1.0
