,Percentual,Quantidade,Grau,Meio
Médio,55.0,76.0,Médio,Mídia (canais de informação privados)
Muito,36.0,49.0,Muito,Mídia (canais de informação privados)
Pouco,9.0,12.0,Pouco,Mídia (canais de informação privados)
Médio,53.0,70.0,Médio,Governo
Pouco,35.0,46.0,Muito,Governo
Muito,12.0,16.0,Pouco,Governo
Médio,50.0,68.0,Médio, Organizações não governamentais (ONGs)
Muito,41.0,56.0,Muito, Organizações não governamentais (ONGs)
Pouco,8.0,11.0,Pouco, Organizações não governamentais (ONGs)
Médio,51.0,67.0,Médio,Coletivos
Muito,42.0,55.0,Muito,Coletivos
Pouco,8.0,10.0,Pouco,Coletivos
Médio,44.0,60.0,Pouco,"Redes de apoio (amigos, familiares, vizinhos)"
Pouco,41.0,55.0,Médio,"Redes de apoio (amigos, familiares, vizinhos)"
Muito,15.0,20.0,Muito,"Redes de apoio (amigos, familiares, vizinhos)"
