,Percentual,Quantidade,Meio
Uso pouco,38.0,51.0,Televisão
Uso  mais ou menos,24.0,32.0,Televisão
Uso muito,23.0,30.0,Televisão
Não uso,15.0,20.0,Televisão
Não uso,69.0,91.0,Radio
Uso pouco,20.0,26.0,Radio
Uso  mais ou menos,8.0,11.0,Radio
Uso muito,3.0,4.0,Radio
Não uso,63.0,85.0,Jornal (mídia impressa)
Uso pouco,21.0,28.0,Jornal (mídia impressa)
Uso muito,9.0,12.0,Jornal (mídia impressa)
Uso  mais ou menos,7.0,9.0,Jornal (mídia impressa)
Uso muito,96.0,134.0,internet
Uso  mais ou menos,3.0,4.0,internet
Não uso,1.0,1.0,internet
