,Percentual,Quantidade,Zona
Maré,14.0,11.0,Zona Norte
Bonsucesso,13.0,10.0,Zona Norte
Tijuca,6.0,5.0,Zona Norte
Bento Ribeiro,6.0,5.0,Zona Norte
Engenho Novo,5.0,4.0,Zona Norte
Pavuna,4.0,3.0,Zona Norte
Cidade Universitária,4.0,3.0,Zona Norte
Vila Isabel,4.0,3.0,Zona Norte
Oswaldo Cruz,4.0,3.0,Zona Norte
Ramos,3.0,2.0,Zona Norte
Méier,3.0,2.0,Zona Norte
Jardim América,3.0,2.0,Zona Norte
Penha,3.0,2.0,Zona Norte
Piedade,3.0,2.0,Zona Norte
Alto da Boa Vista,1.0,1.0,Zona Norte
Penha Circular,1.0,1.0,Zona Norte
Higienópolis,1.0,1.0,Zona Norte
Guadalupe,1.0,1.0,Zona Norte
Irajá,1.0,1.0,Zona Norte
Cascadura,1.0,1.0,Zona Norte
Engenho de Dentro,1.0,1.0,Zona Norte
Rocha Miranda,1.0,1.0,Zona Norte
Praia da Bandeira,1.0,1.0,Zona Norte
Inhaúma,1.0,1.0,Zona Norte
Brás de Pina,1.0,1.0,Zona Norte
Ricardo de Albuquerque,1.0,1.0,Zona Norte
Pechincha,1.0,1.0,Zona Norte
Vila da Penha,1.0,1.0,Zona Norte
Tomás Coelho,1.0,1.0,Zona Norte
Vista Alegre,1.0,1.0,Zona Norte
Vila Valqueire,1.0,1.0,Zona Norte
Andaraí,1.0,1.0,Zona Norte
Cordovil,1.0,1.0,Zona Norte
Grajaú,1.0,1.0,Zona Norte
