"Você sabe da existência ou segue pessoas negras da sigla que são políticas? (candidatos, deputados, vereadores, senadores)",Agênero%,Homem Cisgênero (Quem se identifica com o sexo biológico)%,Homem trans%,Mulher Cisgênera (Quem se identifica com o sexo biológico)%,Mulher trans%,Não binarie%,Não me enquadro em rótulos %,Queer %,Transmasculino%,Travesti%,Agênero,Homem Cisgênero (Quem se identifica com o sexo biológico),Homem trans,Mulher Cisgênera (Quem se identifica com o sexo biológico),Mulher trans,Não binarie,Não me enquadro em rótulos ,Queer ,Transmasculino,Travesti
Não sei da existência de nenhum,33.0,2.0,14.0,0.0,0.0,0.0,0.0,0.0,0.0,0.0,1.0,1.0,1.0,0.0,0.0,0.0,0.0,0.0,0.0,0.0
Não sei responder,0.0,6.0,14.0,3.0,0.0,0.0,0.0,0.0,0.0,0.0,0.0,3.0,1.0,2.0,0.0,0.0,0.0,0.0,0.0,0.0
"Sim, sei da existência e sigo",33.0,66.0,71.0,66.0,75.0,78.0,100.0,0.0,100.0,75.0,1.0,31.0,5.0,41.0,3.0,7.0,1.0,0.0,1.0,3.0
"Sim, sei da existência mas não sigo",33.0,26.0,0.0,31.0,25.0,22.0,0.0,100.0,0.0,25.0,1.0,12.0,0.0,19.0,1.0,2.0,0.0,1.0,0.0,1.0
Total,100.0,100.0,100.0,100.0,100.0,100.0,100.0,100.0,100.0,100.0,3.0,47.0,7.0,62.0,4.0,9.0,1.0,1.0,1.0,4.0
