"Você sabe da existência ou segue pessoas negras da sigla que são políticas? (candidatos, deputados, vereadores, senadores)",Assexual%,Biafetivo%,Bissexual%,Gay%,Heterossexual%,Homem gay%,Lésbica%,Não me enquadro em rótulos %,Não rotulo minha sexualidade.%,Pansexual%,Assexual,Biafetivo,Bissexual,Gay,Heterossexual,Homem gay,Lésbica,Não me enquadro em rótulos ,Não rotulo minha sexualidade.,Pansexual
Não sei da existência de nenhum,50.0,0.0,2.0,0.0,5.0,0.0,0.0,0.0,0.0,0.0,1.0,0.0,1.0,0.0,1.0,0.0,0.0,0.0,0.0,0.0
Não sei responder,0.0,0.0,2.0,9.0,0.0,0.0,13.0,0.0,0.0,0.0,0.0,0.0,1.0,3.0,0.0,0.0,2.0,0.0,0.0,0.0
"Sim, sei da existência e sigo",50.0,100.0,67.0,65.0,73.0,0.0,80.0,100.0,100.0,45.0,1.0,1.0,34.0,22.0,16.0,0.0,12.0,1.0,1.0,5.0
"Sim, sei da existência mas não sigo",0.0,0.0,29.0,26.0,23.0,100.0,7.0,0.0,0.0,55.0,0.0,0.0,15.0,9.0,5.0,1.0,1.0,0.0,0.0,6.0
Total,100.0,100.0,100.0,100.0,100.0,100.0,100.0,100.0,100.0,100.0,2.0,1.0,51.0,34.0,22.0,1.0,15.0,1.0,1.0,11.0
