,Quais estações de rádio que você mais ouve? >> Rádio Antena 1 Lite FM 103.7%,Quais estações de rádio que você mais ouve? >> Rádio Antena 1 Lite FM 103.7,Percentual,Quantidade,Radio,Quais estações de rádio que você mais ouve? >> Rádio CBN Rio 92.5 FM%,Quais estações de rádio que você mais ouve? >> Rádio CBN Rio 92.5 FM,Quais estações de rádio que você mais ouve? >> Rádio Globo RJ 98.1 FM%,Quais estações de rádio que você mais ouve? >> Rádio Globo RJ 98.1 FM,Quais estações de rádio que você mais ouve? >> Rádio JB 99.9 FM%,Quais estações de rádio que você mais ouve? >> Rádio JB 99.9 FM,Quais estações de rádio que você mais ouve? >> Rádio Melodia 97.5 FM%,Quais estações de rádio que você mais ouve? >> Rádio Melodia 97.5 FM,Quais estações de rádio que você mais ouve? >> Rádio FM O Dia 100.5%,Quais estações de rádio que você mais ouve? >> Rádio FM O Dia 100.5,Quais estações de rádio que você mais ouve? >> Super Rádio Tupi 96.5 FM%,Quais estações de rádio que você mais ouve? >> Super Rádio Tupi 96.5 FM
Não assisto,56.0,14.0,,,,,,,,,,,,,,,
Assisto pouco,20.0,5.0,,,,,,,,,,,,,,,
Assisto  mais ou menos,12.0,3.0,,,,,,,,,,,,,,,
Assisto muito,12.0,3.0,,,,,,,,,,,,,,,
Não assisto,,,58.0,14.0,Rádio BandNews RJ 90.3 FM,,,,,,,,,,,,
Assisto  mais ou menos,,,29.0,7.0,Rádio BandNews RJ 90.3 FM,,,,,,,,,,,,
Assisto pouco,,,12.0,3.0,Rádio BandNews RJ 90.3 FM,,,,,,,,,,,,
Não assisto,,,,,,52.0,12.0,,,,,,,,,,
Assisto pouco,,,,,,22.0,5.0,,,,,,,,,,
Assisto  mais ou menos,,,,,,17.0,4.0,,,,,,,,,,
Assisto muito,,,,,,9.0,2.0,,,,,,,,,,
Assisto pouco,,,,,,,,36.0,9.0,,,,,,,,
Não assisto,,,,,,,,36.0,9.0,,,,,,,,
Assisto  mais ou menos,,,,,,,,20.0,5.0,,,,,,,,
Assisto muito,,,,,,,,8.0,2.0,,,,,,,,
Assisto  mais ou menos,,,,,,,,,,38.0,9.0,,,,,,
Assisto muito,,,,,,,,,,25.0,6.0,,,,,,
Não assisto,,,,,,,,,,21.0,5.0,,,,,,
Assisto pouco,,,,,,,,,,17.0,4.0,,,,,,
Não assisto,,,,,,,,,,,,75.0,18.0,,,,
Assisto pouco,,,,,,,,,,,,17.0,4.0,,,,
Assisto  mais ou menos,,,,,,,,,,,,4.0,1.0,,,,
Assisto muito,,,,,,,,,,,,4.0,1.0,,,,
Não assisto,,,,,,,,,,,,,,40.0,10.0,,
Assisto muito,,,,,,,,,,,,,,36.0,9.0,,
Assisto pouco,,,,,,,,,,,,,,20.0,5.0,,
Assisto  mais ou menos,,,,,,,,,,,,,,4.0,1.0,,
Não assisto,,,,,,,,,,,,,,,,60.0,15.0
Assisto pouco,,,,,,,,,,,,,,,,24.0,6.0
Assisto  mais ou menos,,,,,,,,,,,,,,,,12.0,3.0
Assisto muito,,,,,,,,,,,,,,,,4.0,1.0
