,"Se você usa outra rede, pode escrever abaixo:%","Se você usa outra rede, pode escrever abaixo:"
Twitter,12.0,2.0
Internet ,12.0,2.0
"Twitter, Instagram",6.0,1.0
"Uso também o whatsapp, instagram e Twitter.",6.0,1.0
Jornais em suas versões online.,6.0,1.0
"Podcast, páginas de instagram e twitter",6.0,1.0
Leio os jornais pela internet ,6.0,1.0
Tiktok,6.0,1.0
Podcasts jornalísticos ,6.0,1.0
Podcast,6.0,1.0
"twitter, instagram",6.0,1.0
Rádio amador,6.0,1.0
"Mídia ninja, o Joio e o trigo, clima de eleição ",6.0,1.0
Costumo usar a internet ,6.0,1.0
Nao,6.0,1.0
Total,100.0,17.0
