,Percentual,Quantidade,Jornal,Qual dessas redes você mais utiliza? >> Grindr%,Qual dessas redes você mais utiliza? >> Grindr,Qual dessas redes você mais utiliza? >> Instagram%,Qual dessas redes você mais utiliza? >> Instagram,Qual dessas redes você mais utiliza? >> Kwai%,Qual dessas redes você mais utiliza? >> Kwai,Qual dessas redes você mais utiliza? >> Snapchat%,Qual dessas redes você mais utiliza? >> Snapchat,Qual dessas redes você mais utiliza? >> Telegram%,Qual dessas redes você mais utiliza? >> Telegram,Qual dessas redes você mais utiliza? >> TikTok%,Qual dessas redes você mais utiliza? >> TikTok,Qual dessas redes você mais utiliza? >> Tinder%,Qual dessas redes você mais utiliza? >> Tinder,Qual dessas redes você mais utiliza? >> Twitch%,Qual dessas redes você mais utiliza? >> Twitch,Qual dessas redes você mais utiliza? >> WhatsApp%,Qual dessas redes você mais utiliza? >> WhatsApp,Qual dessas redes você mais utiliza? >> YouTube%,Qual dessas redes você mais utiliza? >> YouTube
Uso muito,29.0,5.0,Facebook / Messenger,,,,,,,,,,,,,,,,,,,,
Uso pouco,24.0,4.0,Facebook / Messenger,,,,,,,,,,,,,,,,,,,,
Não uso,24.0,4.0,Facebook / Messenger,,,,,,,,,,,,,,,,,,,,
Uso  mais ou menos,24.0,4.0,Facebook / Messenger,,,,,,,,,,,,,,,,,,,,
Não uso,,,,88.0,15.0,,,,,,,,,,,,,,,,,,
Uso  mais ou menos,,,,12.0,2.0,,,,,,,,,,,,,,,,,,
Uso muito,,,,,,88.0,15.0,,,,,,,,,,,,,,,,
Uso  mais ou menos,,,,,,12.0,2.0,,,,,,,,,,,,,,,,
Não uso,,,,,,,,100.0,17.0,,,,,,,,,,,,,,
Uso pouco,35.0,6.0,LinkedIn,,,,,,,,,,,,,,,,,,,,
Não uso,29.0,5.0,LinkedIn,,,,,,,,,,,,,,,,,,,,
Uso  mais ou menos,29.0,5.0,LinkedIn,,,,,,,,,,,,,,,,,,,,
Uso muito,6.0,1.0,LinkedIn,,,,,,,,,,,,,,,,,,,,
Não uso,,,,,,,,,,94.0,16.0,,,,,,,,,,,,
Uso muito,,,,,,,,,,6.0,1.0,,,,,,,,,,,,
Não uso,,,,,,,,,,,,47.0,8.0,,,,,,,,,,
Uso pouco,,,,,,,,,,,,35.0,6.0,,,,,,,,,,
Uso  mais ou menos,,,,,,,,,,,,18.0,3.0,,,,,,,,,,
Não uso,,,,,,,,,,,,,,71.0,12.0,,,,,,,,
Uso muito,,,,,,,,,,,,,,18.0,3.0,,,,,,,,
Uso pouco,,,,,,,,,,,,,,12.0,2.0,,,,,,,,
Não uso,,,,,,,,,,,,,,71.0,12.0,,,,,,,,
Uso muito,,,,,,,,,,,,,,18.0,3.0,,,,,,,,
Uso pouco,,,,,,,,,,,,,,12.0,2.0,,,,,,,,
Não uso,,,,,,,,,,,,,,,,82.0,14.0,,,,,,
Uso pouco,,,,,,,,,,,,,,,,12.0,2.0,,,,,,
Uso  mais ou menos,,,,,,,,,,,,,,,,6.0,1.0,,,,,,
Não uso,,,,,,,,,,,,,,,,,,94.0,16.0,,,,
Uso  mais ou menos,,,,,,,,,,,,,,,,,,6.0,1.0,,,,
Uso  mais ou menos,35.0,6.0,Twitter,,,,,,,,,,,,,,,,,,,,
Não uso,29.0,5.0,Twitter,,,,,,,,,,,,,,,,,,,,
Uso muito,24.0,4.0,Twitter,,,,,,,,,,,,,,,,,,,,
Uso pouco,12.0,2.0,Twitter,,,,,,,,,,,,,,,,,,,,
Uso muito,,,,,,,,,,,,,,,,,,,,82.0,14.0,,
Uso  mais ou menos,,,,,,,,,,,,,,,,,,,,12.0,2.0,,
Uso pouco,,,,,,,,,,,,,,,,,,,,6.0,1.0,,
Uso muito,,,,,,,,,,,,,,,,,,,,,,53.0,9.0
Uso pouco,,,,,,,,,,,,,,,,,,,,,,29.0,5.0
Uso  mais ou menos,,,,,,,,,,,,,,,,,,,,,,18.0,3.0
