,Cite algumas: %,Cite algumas: 
"Transpreta, Alice vilela, ",2.0,2.0
", pretitudes, notícia preta, escurecendoosfatos pelepretassa almapretajornalismo ",1.0,1.0
"Leonardo Peçanha, Jaqueline Gomes, Ranyelly Myller, Flávio Barros e outras pessoas.",1.0,1.0
"Tito, Bento, Brenda Safra, Leonardo Pecanha, Noah Melo e mts outros",1.0,1.0
"Rafael Vicente, Gabi de Preta",1.0,1.0
Erika Hilton,1.0,1.0
"Transpreta, Lis Lemes, Théo Souza, Alma Preta, Africanize, Parentalidade Preta",1.0,1.0
"Adalberto, Liafrontosa, AdJunior",1.0,1.0
"Deputada federal Érika Hilton, cantora Liniker, entre outras ",1.0,1.0
Nataly Nery ,1.0,1.0
Lindaquebrada,1.0,1.0
Bia ferreira ,1.0,1.0
"Esuperio , notíciapreta, lazaroramos, mídia ninja",1.0,1.0
"Nathalia Braga, Rômulo Amorim, Murilo Araújo, Natalie Nery, Jonas Maria ",1.0,1.0
"Nataly Neri, Nick Thomaz, Jacy Jully, Nath Finanças, Jonas Maria, Fabão ",1.0,1.0
@thuxthuane,1.0,1.0
Camila de Lucas ,1.0,1.0
Wallace lino,1.0,1.0
"Gabi, Walace Lino, Fred Nicacio e entre mtos outres",1.0,1.0
Bixarte,1.0,1.0
"Gab van, Thaís Araújo",1.0,1.0
"Adam Mitchell, Preta trans ",1.0,1.0
"Gabriela Loran, transpreta, blogueira trans, bia ferreira",1.0,1.0
Gabriela Loran; Bruna Braga,1.0,1.0
"Bielo, Rei das Durags, Gabriela Loran, Liniker, Lina...",1.0,1.0
"Maternidade Sapatão, Taís Araújo, Viola Davis",1.0,1.0
"O Murilo, do ""muro pequeno"", a Agatha Pauer"", o "" Chavoso da USP"", o menino do canal "" ora Thiago, fora as influências textuais como do Leonardo Peçanha, entre outros.",1.0,1.0
@spartakus ,1.0,1.0
"Flávia Oliveira, ",1.0,1.0
Ad junior ,1.0,1.0
"Blogueira PCD, David Brasil e Gominjo",1.0,1.0
Stefano volp,1.0,1.0
Spartakus,1.0,1.0
"Victor Martins, Akin Abaz, Nina da Hora. ",1.0,1.0
"NathBragap, Liniker, Ocleidson, BondeDaJujuZL, HelloBiello, etc",1.0,1.0
"Nataly Neri, Luci Gonçalves, Gabi Oliveira, Ana Claudino (sapatão amiga)",1.0,1.0
"Liniker, Natali Nery, Ludmilla ",1.0,1.0
"ceciliasenhorinha, mequetrefismos",1.0,1.0
História preta ,1.0,1.0
"Linn, liniker, mari morena,...",1.0,1.0
"Gabi Oliveira, Leonardo Peçanha, Murilo (muro pequeno).",1.0,1.0
"Nataly Neri, Gabi de Pretas, Nina da Hora, ",1.0,1.0
Winnie Bueno,1.0,1.0
Biello; Raphaela Pinah; billidog...,1.0,1.0
Gabriela (atriz/influencer . Mulher trans) Bruna Gonçalvez ,1.0,1.0
"Silvana Bahia, Yasmin Thayná, Nath Financas, Fred Nicacio, Thiago Amparo, Hélio Menezes, AfroBapho",1.0,1.0
"gabo pantaleao, maria clara araujo, etc",1.0,1.0
"Pamela Carvalho, Lázaro Silva, Preta Queen Be Ru, Ad Júnior ",1.0,1.0
"laressa, bela reis, gabi de pretas ",1.0,1.0
Não lembro agora,1.0,1.0
"Morena Mariah, Nataly Neri. ",1.0,1.0
"Rahzel Alec, Colle C (Fonatrans) ",1.0,1.0
"Nathalia Braga, Duds Telles, maju Coutinho, nath financas",1.0,1.0
"Sapa Vegana (Luciene Santos), Chavoso da USP (Thiago Torres), blogueira trans (Dri Maria)",1.0,1.0
"RaoTV, Duda Dellorussso, Nath Finaças, Gabi de Pretas",1.0,1.0
"João do rio, Nataly nery, transcurecer…",1.0,1.0
"Linn da Quebrada, Bixarte, Bianca Dellafancy, Tassio Santos",1.0,1.0
"Rapha Vicente,Cah Fernandes, Nick, Nath, Gui Rangel",1.0,1.0
"Sapatão amiga, preta caminhão",1.0,1.0
Mari Morena,1.0,1.0
Agata pauer,1.0,1.0
"ONG Criola, Djamilla Ribeiro... ",1.0,1.0
Ludmilla,1.0,1.0
"Sapa vegana, Andreza delgado ",1.0,1.0
"Carol Dall Farra, Livia Laso, Dandara suburbana, Gênesis ",1.0,1.0
"pabllo vittar, bianca lelafancy",1.0,1.0
"Nick Najar, Muro Pequeno, Gabi de Pretas",1.0,1.0
Nina da Hora,1.0,1.0
"Raphael vicente, brabie grel",1.0,1.0
Nlaisa Luciano,1.0,1.0
Hawk ,1.0,1.0
"Ludmilla, Ícaro Silva, ",1.0,1.0
"Ad Junior, Jonathan Raymundo",1.0,1.0
"Valter Reger , AD Junior ",1.0,1.0
@diegodosuburbio; @gabomatos,1.0,1.0
"Bixa Preta, Valentine",1.0,1.0
"Amanda (Grana Preta), Senhorita Bira",1.0,1.0
"Rodrigo França, Giovanna Heliodoro e Murilo (muro pequeno)",1.0,1.0
"Levi Caíque Ferreira , Helo Bielo",1.0,1.0
Sapatao Amiga; etc,1.0,1.0
Tatiana Fernandes e Yasmin Campbell,1.0,1.0
"Alberto Pereira Jr., Ismael Carvalho, Herika Hilton, Dani Balbi",1.0,1.0
Bia Ferreira,1.0,1.0
Liniker,1.0,1.0
Total,100.0,85.0
