,Cite algumas:%,Cite algumas:
Dani Balbi,10.0,8.0
Renata Souza ,5.0,4.0
Érika Hilton,4.0,3.0
Benny brioly,3.0,2.0
"Dani Balbi, Benedita da Silva, Pastor Henrique Vieira, Talíria Petrone, Romário Régis, Professor Josemar",1.0,1.0
"Erika Hilton, Dani Baldin, entre outres",1.0,1.0
"Dani Balbi, Érika Hilton",1.0,1.0
Ana Caminha. Lívia Duarte. Vivi Reis,1.0,1.0
"Erika Hilton, Monica Benício, Duda Salabart",1.0,1.0
"Tainá de Paula, David Miranda, Benny Briolly ",1.0,1.0
"Thaís Ferreira, Renata Souza e outras ",1.0,1.0
Erika hilts,1.0,1.0
"brenny brioly, veronica lima",1.0,1.0
Erica ,1.0,1.0
"Carolina Iara, Danieli Balbi, Erika Hilton e entre outras pessoas.",1.0,1.0
Lula,1.0,1.0
"Dani Balbi, Erika Hilton, Benny Briolly",1.0,1.0
Erika Hilton,1.0,1.0
"Talíria PETRONE, Thais Ferreira, ",1.0,1.0
"Dani balbi, Thais Ferreira ",1.0,1.0
Larissa ,1.0,1.0
Renata Sousa,1.0,1.0
Sami Brasil ,1.0,1.0
"Dani Balbi, Érica Malunguinho, Benny Brioli, Érica Hilton",1.0,1.0
"Dani monteiro, Erika Hilton",1.0,1.0
"Dani Monteiro, Dani Balbi",1.0,1.0
"renata souza, benedita, taliria petrone, wesley teixeira, ",1.0,1.0
"Dani Balbi, Malunguinho ",1.0,1.0
Veronica Lima,1.0,1.0
"Ainda não sigo, mas vou seguir, a Dany Breoli. ",1.0,1.0
"Erika Hilton, Dani Balbi, Erica Mulanguinho, Benny Brioli",1.0,1.0
Erika Hilton ,1.0,1.0
"Tainá de Paula, Erica Malonguinho, Erica Hilton",1.0,1.0
Leci Brandão ,1.0,1.0
"Benedita da silva, Renata Souza, taliria petrone, Henrique vieira",1.0,1.0
Erika Hilton bens briolly erica malunguinho,1.0,1.0
"Erika Hilton, benny brioli, andrea bak, benedita",1.0,1.0
"Tainá de Paula, Veronica Lima",1.0,1.0
"Dani Balbi, Benny Briolly ",1.0,1.0
"Benny priolly, erika hilton…",1.0,1.0
"Erika Malunguinha, Erick Hilton, Beni Brioli",1.0,1.0
"Erika Hilton, Dani Balbi",1.0,1.0
"Erika Hilton, Benny Briolli, Dani Balbi",1.0,1.0
Erika Hilton e Tainá de Paula.,1.0,1.0
Não lembro agora,1.0,1.0
"taina de paula, thais ferreira, Rafa alvarenga ",1.0,1.0
"Dani Balbi, Briolly, Érika, ",1.0,1.0
"Renata Souza, Talíria Petrone",1.0,1.0
"Érika Hilton, Érika malunguinho, Dani Balbi, David Miranda, Vilma Reis, Robeyonce, beny brioli, Carolina iara",1.0,1.0
Dani Balbi ;  Malunguinho ; ,1.0,1.0
"Erika Hilton, Dani balbi, Tainá de Paula ",1.0,1.0
Taliria Petrone,1.0,1.0
Taliria ,1.0,1.0
"Herika Hilton, Dani Balbi",1.0,1.0
Mônica Benício ,1.0,1.0
"Renata Souza, Dani Monteiro, Tainá de Paula",1.0,1.0
"Erika Hilton, Benny Brioli",1.0,1.0
"David Miranda, Veronica Lima.",1.0,1.0
Senhorita Bira,1.0,1.0
Dani Monteiro,1.0,1.0
Taliria,1.0,1.0
Ludymilla Santiago,1.0,1.0
"Leo Pericles, Giovanna Almeida ",1.0,1.0
"Ariadna Arantes, Talíria Petrone...",1.0,1.0
Total,100.0,77.0
