Qual sua identidade de gênero?,Me sinto representado na questão da sexualidade,Me sinto representado na questão de gênero,"Me sinto representado na questão de gênero
Me sinto representado na questão da sexualidade",Me sinto representado na questão racial,"Me sinto representado na questão racial
Me sinto representado na questão da sexualidade","Me sinto representado na questão racial
Me sinto representado na questão de gênero","Me sinto representado na questão racial
Me sinto representado na questão de gênero
Me sinto representado na questão da sexualidade",Não me sinto representado.,"Não me sinto representado.
Me sinto representado na questão racial","Não me sinto representado.
Me sinto representado na questão racial
Me sinto representado na questão de gênero
Me sinto representado na questão da sexualidade",Total
Agênero%,0.0,0.0,0.0,67.0,0.0,0.0,0.0,33.0,0.0,0.0,100.0
Homem Cisgênero (Quem se identifica com o sexo biológico)%,2.0,9.0,6.0,15.0,9.0,4.0,2.0,53.0,0.0,0.0,100.0
Homem trans%,0.0,0.0,0.0,14.0,0.0,14.0,14.0,57.0,0.0,0.0,100.0
Mulher Cisgênera (Quem se identifica com o sexo biológico)%,3.0,8.0,2.0,11.0,5.0,3.0,8.0,55.0,3.0,2.0,100.0
Mulher trans%,0.0,25.0,0.0,0.0,0.0,0.0,0.0,75.0,0.0,0.0,100.0
Não binarie%,0.0,0.0,0.0,0.0,0.0,0.0,0.0,100.0,0.0,0.0,100.0
Não me enquadro em rótulos %,0.0,0.0,0.0,0.0,0.0,0.0,0.0,100.0,0.0,0.0,100.0
Queer %,0.0,0.0,0.0,0.0,100.0,0.0,0.0,0.0,0.0,0.0,100.0
Transmasculino%,0.0,0.0,0.0,0.0,0.0,0.0,0.0,100.0,0.0,0.0,100.0
Travesti%,0.0,0.0,0.0,0.0,0.0,50.0,0.0,50.0,0.0,0.0,100.0
Agênero,0.0,0.0,0.0,2.0,0.0,0.0,0.0,1.0,0.0,0.0,3.0
Homem Cisgênero (Quem se identifica com o sexo biológico),1.0,4.0,3.0,7.0,4.0,2.0,1.0,25.0,0.0,0.0,47.0
Homem trans,0.0,0.0,0.0,1.0,0.0,1.0,1.0,4.0,0.0,0.0,7.0
Mulher Cisgênera (Quem se identifica com o sexo biológico),2.0,5.0,1.0,7.0,3.0,2.0,5.0,34.0,2.0,1.0,62.0
Mulher trans,0.0,1.0,0.0,0.0,0.0,0.0,0.0,3.0,0.0,0.0,4.0
Não binarie,0.0,0.0,0.0,0.0,0.0,0.0,0.0,9.0,0.0,0.0,9.0
Não me enquadro em rótulos ,0.0,0.0,0.0,0.0,0.0,0.0,0.0,1.0,0.0,0.0,1.0
Queer ,0.0,0.0,0.0,0.0,1.0,0.0,0.0,0.0,0.0,0.0,1.0
Transmasculino,0.0,0.0,0.0,0.0,0.0,0.0,0.0,1.0,0.0,0.0,1.0
Travesti,0.0,0.0,0.0,0.0,0.0,2.0,0.0,2.0,0.0,0.0,4.0
