,"Você se sente representado nos meios de comunicação? Considerando os personagens, os assuntos e os temas abordados.%","Você se sente representado nos meios de comunicação? Considerando os personagens, os assuntos e os temas abordados."
Não me sinto representado.,58.0,80.0
Me sinto representado na questão racial,12.0,17.0
Me sinto representado na questão de gênero,7.0,10.0
"Me sinto representado na questão racial
Me sinto representado na questão da sexualidade",6.0,8.0
"Me sinto representado na questão racial
Me sinto representado na questão de gênero",5.0,7.0
"Me sinto representado na questão racial
Me sinto representado na questão de gênero
Me sinto representado na questão da sexualidade",5.0,7.0
"Me sinto representado na questão de gênero
Me sinto representado na questão da sexualidade",3.0,4.0
Me sinto representado na questão da sexualidade,2.0,3.0
"Não me sinto representado.
Me sinto representado na questão racial",1.0,2.0
"Não me sinto representado.
Me sinto representado na questão racial
Me sinto representado na questão de gênero
Me sinto representado na questão da sexualidade",1.0,1.0
Total,100.0,139.0
