Qual sua orientação sexual?,Me sinto representado na questão da sexualidade,Me sinto representado na questão de gênero,"Me sinto representado na questão de gênero
Me sinto representado na questão da sexualidade",Me sinto representado na questão racial,"Me sinto representado na questão racial
Me sinto representado na questão da sexualidade","Me sinto representado na questão racial
Me sinto representado na questão de gênero","Me sinto representado na questão racial
Me sinto representado na questão de gênero
Me sinto representado na questão da sexualidade",Não me sinto representado.,"Não me sinto representado.
Me sinto representado na questão racial","Não me sinto representado.
Me sinto representado na questão racial
Me sinto representado na questão de gênero
Me sinto representado na questão da sexualidade",Total
Assexual%,0.0,0.0,0.0,50.0,0.0,0.0,0.0,50.0,0.0,0.0,100.0
Biafetivo%,0.0,0.0,0.0,0.0,0.0,0.0,0.0,100.0,0.0,0.0,100.0
Bissexual%,4.0,8.0,0.0,18.0,8.0,2.0,6.0,51.0,4.0,0.0,100.0
Gay%,0.0,6.0,9.0,12.0,9.0,3.0,0.0,62.0,0.0,0.0,100.0
Heterossexual%,0.0,18.0,5.0,5.0,0.0,18.0,0.0,55.0,0.0,0.0,100.0
Homem gay%,0.0,0.0,0.0,0.0,0.0,0.0,0.0,100.0,0.0,0.0,100.0
Lésbica%,7.0,0.0,0.0,7.0,7.0,7.0,13.0,53.0,0.0,7.0,100.0
Não me enquadro em rótulos %,0.0,0.0,0.0,0.0,0.0,0.0,0.0,100.0,0.0,0.0,100.0
Não rotulo minha sexualidade.%,0.0,0.0,0.0,0.0,0.0,0.0,100.0,0.0,0.0,0.0,100.0
Pansexual%,0.0,0.0,0.0,9.0,0.0,0.0,9.0,82.0,0.0,0.0,100.0
Assexual,0.0,0.0,0.0,1.0,0.0,0.0,0.0,1.0,0.0,0.0,2.0
Biafetivo,0.0,0.0,0.0,0.0,0.0,0.0,0.0,1.0,0.0,0.0,1.0
Bissexual,2.0,4.0,0.0,9.0,4.0,1.0,3.0,26.0,2.0,0.0,51.0
Gay,0.0,2.0,3.0,4.0,3.0,1.0,0.0,21.0,0.0,0.0,34.0
Heterossexual,0.0,4.0,1.0,1.0,0.0,4.0,0.0,12.0,0.0,0.0,22.0
Homem gay,0.0,0.0,0.0,0.0,0.0,0.0,0.0,1.0,0.0,0.0,1.0
Lésbica,1.0,0.0,0.0,1.0,1.0,1.0,2.0,8.0,0.0,1.0,15.0
Não me enquadro em rótulos ,0.0,0.0,0.0,0.0,0.0,0.0,0.0,1.0,0.0,0.0,1.0
Não rotulo minha sexualidade.,0.0,0.0,0.0,0.0,0.0,0.0,1.0,0.0,0.0,0.0,1.0
Pansexual,0.0,0.0,0.0,1.0,0.0,0.0,1.0,9.0,0.0,0.0,11.0
