,Poderia nos dizer quais?%,Poderia nos dizer quais?
"No instagram, temos o Renato Nogueira, a Aza njeri, e tantas outras/os, que fazem tanto para a racialização afro diasporica, a partir de um vies tecnologíco. Não é que seja meu vies favorito, mas existe, e acho que faz efeito.",5.0,1.0
Maju Coutinho,5.0,1.0
"Na verdade, me sinto parcialmente representado. Por um conteúdo aqui outro ali. Não por uma pessoa específica. E não de forma completa, não sei se isso seria possível.",5.0,1.0
Muitos personagens homens.,5.0,1.0
"Instagram por alguns influenciadores/canais como preto de fato, vamos escurecer as coisas...",5.0,1.0
"Na Raça e Gênero, mas não vejo muitas pessoas Intersexo (Brancas do 3° sexo biológico e genético)/Ààrinsexo (Pretas e Pardas do 3° Sexo Biológico e Genético) e muito menos indígenas Intersexo pelos espaços de decisão, direção e poder.",5.0,1.0
"issa rae, kerry washington, solange knowles",5.0,1.0
"Não vejo pessoas negras, não bináries em cargo de lideranças ",5.0,1.0
Na verdade me sinto pouco representada.Precisamos de mais representatividade seja de raça ou lgbti+,5.0,1.0
"Não me sinto representado, pois as pessoas pretas em cargod politicos ainda representam uma parcela muito pequena.",5.0,1.0
Geralmente em animes e pouquíssimas séries e filmes ,5.0,1.0
"entendo que há sim representações negras nos meios de comunicação, mas ainda acho desproporcional as pessoas brancas (tb é desproporcional as pessoa indígenas que são menos ainda)",5.0,1.0
A maioria dos personagens negros da Rede Globo ,5.0,1.0
"Valter Reger , Ad Junior , Lázaro Ramos , Thais Araújo ",5.0,1.0
"Manoel Soares, Bia Ferreira, ...",5.0,1.0
Murilo,5.0,1.0
Lafayete True blood.,5.0,1.0
"Porém, poderia ser MUITO mais",5.0,1.0
não consigo opinar.,5.0,1.0
"Cara, eu basicamente já consumo conteúdos direcionados, que me representam. Assisto filmes e séries que costumam envolver as temáticas raciais, de gênero e/ou de sexualidade, como Orange Is The New Black, Blackish e Filhas de Eva.",5.0,1.0
Total,100.0,20.0
