Qual sua identidade de gênero?,Não,Não tenho certeza/Não percebi,"Sim, inúmeras vezes","Sim, uma vez",Total
Agênero%,33.0,67.0,0.0,0.0,100.0
Homem Cisgênero (Quem se identifica com o sexo biológico)%,36.0,40.0,19.0,4.0,100.0
Homem trans%,57.0,0.0,43.0,0.0,100.0
Mulher Cisgênera (Quem se identifica com o sexo biológico)%,32.0,39.0,26.0,3.0,100.0
Mulher trans%,50.0,25.0,25.0,0.0,100.0
Não binarie%,11.0,22.0,67.0,0.0,100.0
Não me enquadro em rótulos %,0.0,100.0,0.0,0.0,100.0
Queer %,0.0,100.0,0.0,0.0,100.0
Transmasculino%,0.0,0.0,100.0,0.0,100.0
Travesti%,25.0,0.0,25.0,50.0,100.0
Agênero,1.0,2.0,0.0,0.0,3.0
Homem Cisgênero (Quem se identifica com o sexo biológico),17.0,19.0,9.0,2.0,47.0
Homem trans,4.0,0.0,3.0,0.0,7.0
Mulher Cisgênera (Quem se identifica com o sexo biológico),20.0,24.0,16.0,2.0,62.0
Mulher trans,2.0,1.0,1.0,0.0,4.0
Não binarie,1.0,2.0,6.0,0.0,9.0
Não me enquadro em rótulos ,0.0,1.0,0.0,0.0,1.0
Queer ,0.0,1.0,0.0,0.0,1.0
Transmasculino,0.0,0.0,1.0,0.0,1.0
Travesti,1.0,0.0,1.0,2.0,4.0
