,Poderia nos dizer por quem?%,Poderia nos dizer por quem?
Evelyn Regly,7.0,1.0
"Radfem ou pessoas com afinidade a esse grupo, pan-africanismo radicais, brancos em geral mesmo LGBTI+ sem letramento racial",7.0,1.0
Apresentadores da rede record e bandeirantes,7.0,1.0
Apresentadores da Rede Record e Bandeirantes ,7.0,1.0
Por Bolsonaristas ,7.0,1.0
Silvio Santos,7.0,1.0
Ratinho…,7.0,1.0
Jair messias bolsonaro,7.0,1.0
"Pessoas brancas desconhecidas, pessoas pretas cis heteronormativo ",7.0,1.0
Influenciadores de direita geralmente como o Gabriel Monteiro,7.0,1.0
Prefiro não ,7.0,1.0
Virginia,7.0,1.0
"Silvio Santos é muito machista, uma gama de apresentadores e jornalistas de redes evangélicas também, racistas, misóginos...",7.0,1.0
Não lembro especificamente mas o que não falta no Brasil da extrema direita são falas preconceituosas. As vezes acabam chegando na gente.,7.0,1.0
Total,100.0,14.0
