Você já se sentiu violentado de alguma forma por algum comunicador /influencer/ apresentador?,Assexual%,Biafetivo%,Bissexual%,Gay%,Heterossexual%,Homem gay%,Lésbica%,Não me enquadro em rótulos %,Não rotulo minha sexualidade.%,Pansexual%,Assexual,Biafetivo,Bissexual,Gay,Heterossexual,Homem gay,Lésbica,Não me enquadro em rótulos ,Não rotulo minha sexualidade.,Pansexual
Não,0.0,100.0,33.0,29.0,41.0,100.0,27.0,0.0,0.0,36.0,0.0,1.0,17.0,10.0,9.0,1.0,4.0,0.0,0.0,4.0
Não tenho certeza/Não percebi,50.0,0.0,41.0,38.0,23.0,0.0,33.0,100.0,0.0,36.0,1.0,0.0,21.0,13.0,5.0,0.0,5.0,1.0,0.0,4.0
"Sim, inúmeras vezes",50.0,0.0,24.0,26.0,27.0,0.0,33.0,0.0,100.0,27.0,1.0,0.0,12.0,9.0,6.0,0.0,5.0,0.0,1.0,3.0
"Sim, uma vez",0.0,0.0,2.0,6.0,9.0,0.0,7.0,0.0,0.0,0.0,0.0,0.0,1.0,2.0,2.0,0.0,1.0,0.0,0.0,0.0
Total,100.0,100.0,100.0,100.0,100.0,100.0,100.0,100.0,100.0,100.0,2.0,1.0,51.0,34.0,22.0,1.0,15.0,1.0,1.0,11.0
